College_Code,Year,Cutoff_Rank
E001,2020,24244.0
E001,2021,20150.0
E001,2022,25274.0
E001,2023,30276.0
E001,2024,35459.0
E002,2020,38460.0
E002,2021,40505.0
E002,2022,44820.0
E002,2023,43970.0
E002,2024,79928.0
E003,2020,21594.0
E003,2021,28552.5
E003,2022,52410.5
E003,2023,51371.0
E003,2024,45147.0
E004,2020,54900.0
E004,2021,55973.0
E004,2022,67238.0
E004,2023,72850.0
E004,2024,79407.0
E005,2020,8539.0
E005,2021,9123.0
E005,2022,10542.0
E005,2023,10981.0
E005,2024,9647.0
E006,2020,19004.0
E006,2021,15044.0
E006,2022,18216.0
E006,2023,18851.0
E006,2024,22302.0
E007,2020,34986.0
E007,2021,31418.5
E007,2022,32159.0
E007,2023,32967.0
E007,2024,36284.5
E008,2020,29995.0
E008,2021,28148.0
E008,2022,29781.0
E008,2023,32642.0
E008,2024,35922.0
E009,2020,16468.5
E009,2021,12058.0
E009,2022,14265.0
E009,2023,16766.5
E009,2024,14668.0
E011,2020,47819.0
E011,2021,52280.0
E011,2022,53110.0
E011,2023,68195.5
E011,2024,70429.5
E012,2020,36891.0
E012,2021,36432.0
E012,2022,40013.0
E012,2023,44218.5
E012,2024,49904.0
E013,2020,128217.0
E013,2021,115565.5
E013,2022,100699.0
E013,2023,106444.5
E013,2024,127931.0
E014,2020,63311.0
E014,2021,73908.0
E014,2022,67102.0
E014,2023,70512.5
E014,2024,98492.0
E015,2020,125980.0
E015,2021,125059.5
E015,2022,98914.0
E015,2023,116278.0
E015,2024,161753.5
E016,2020,29771.0
E016,2021,31669.0
E016,2022,29001.0
E016,2023,39366.0
E016,2024,49419.0
E017,2020,81996.0
E017,2021,78596.0
E017,2022,62679.5
E017,2023,70676.0
E017,2024,98488.0
E018,2020,108502.0
E018,2021,84403.0
E018,2022,76916.0
E018,2023,75671.0
E018,2024,136539.5
E021,2020,34732.0
E021,2021,37478.0
E021,2022,50339.0
E021,2023,58406.0
E021,2024,61421.0
E022,2020,39880.0
E022,2021,58805.0
E022,2022,71773.0
E022,2023,84408.5
E022,2024,74116.5
E023,2020,61795.0
E023,2021,82315.0
E023,2022,85605.0
E023,2023,104709.0
E023,2024,125779.0
E024,2020,48035.0
E024,2021,71005.0
E024,2022,67395.0
E024,2023,74890.5
E024,2024,121768.0
E028,2020,101487.0
E028,2021,84572.5
E028,2022,92902.0
E028,2023,94589.5
E028,2024,130804.0
E029,2020,83998.0
E029,2021,83172.0
E029,2022,86986.5
E029,2023,108380.0
E029,2024,150380.0
E031,2020,43366.5
E031,2021,52377.0
E031,2022,55090.0
E031,2023,50275.0
E031,2024,96059.5
E032,2020,119819.0
E032,2021,98644.5
E032,2022,88663.0
E032,2023,93653.0
E032,2024,137717.0
E033,2020,129908.0
E033,2021,97163.5
E033,2022,93954.0
E033,2023,104744.0
E033,2024,147904.0
E034,2020,31207.0
E034,2021,40037.0
E034,2022,27242.0
E034,2023,38699.0
E034,2024,91245.0
E035,2020,114596.0
E035,2021,121932.0
E035,2022,112734.0
E035,2023,120366.5
E035,2024,155196.5
E036,2020,61519.5
E036,2021,67250.0
E036,2022,52096.0
E036,2023,58920.5
E036,2024,85009.0
E037,2020,33540.0
E037,2021,36010.5
E037,2022,39574.0
E037,2023,55527.5
E037,2024,54524.0
E038,2020,68301.0
E038,2021,65953.0
E038,2022,57506.0
E038,2023,64216.5
E038,2024,82753.0
E040,2020,114690.0
E040,2021,90994.5
E040,2022,83922.5
E040,2023,94257.0
E040,2024,145770.0
E041,2020,53363.0
E041,2021,75132.0
E041,2022,82870.5
E041,2023,101559.5
E041,2024,143906.0
E042,2020,108531.0
E042,2021,115489.0
E042,2022,105376.0
E042,2023,108646.0
E042,2024,158802.0
E043,2020,72020.0
E043,2021,82660.0
E043,2022,90203.0
E043,2023,101915.0
E043,2024,122422.0
E044,2020,110181.0
E044,2021,130052.0
E044,2022,94354.0
E044,2023,106942.0
E044,2024,136520.5
E045,2020,96178.0
E045,2021,73785.5
E045,2022,85438.0
E045,2023,100386.0
E045,2024,136284.0
E046,2020,96276.0
E046,2021,103242.0
E046,2022,92488.0
E046,2023,101669.0
E046,2024,147153.0
E047,2020,43829.0
E047,2021,54256.0
E047,2022,41238.0
E047,2023,50128.0
E047,2024,69883.0
E048,2020,16933.0
E048,2021,15099.0
E048,2022,14755.0
E048,2023,20441.0
E048,2024,17519.0
E049,2020,47408.0
E049,2021,36676.0
E049,2022,59876.0
E049,2023,36382.0
E049,2024,72687.0
E054,2020,109956.0
E054,2021,108941.5
E054,2022,136361.0
E054,2023,103791.0
E054,2024,135438.5
E055,2020,108504.0
E055,2021,108817.0
E055,2022,102469.0
E055,2023,113887.0
E055,2024,145246.0
E056,2020,15134.0
E056,2021,17959.0
E056,2022,37256.0
E056,2023,41463.0
E056,2024,69072.0
E057,2020,26960.5
E057,2021,17770.0
E057,2022,19282.0
E057,2023,28291.0
E057,2024,34725.0
E058,2020,45561.5
E058,2021,36969.0
E058,2022,31285.0
E058,2023,35612.5
E058,2024,56118.0
E059,2020,61919.0
E059,2021,63480.5
E059,2022,55971.0
E059,2023,70309.0
E059,2024,104259.0
E060,2020,38438.0
E060,2021,28263.5
E060,2022,32898.0
E060,2023,28084.0
E060,2024,37843.5
E061,2020,52015.0
E061,2021,61632.0
E061,2022,74905.0
E061,2023,92937.0
E061,2024,83233.0
E062,2020,55949.5
E062,2021,63306.0
E062,2022,54927.0
E062,2023,61576.0
E062,2024,93781.5
E063,2020,128765.0
E063,2021,98922.0
E063,2022,111700.0
E063,2023,105303.5
E063,2024,158087.0
E064,2020,66211.0
E064,2021,59852.0
E064,2022,59720.5
E064,2023,65703.5
E064,2024,109980.5
E065,2020,50161.0
E065,2021,51639.0
E065,2022,51655.0
E065,2023,64605.0
E065,2024,101635.0
E066,2024,118392.5
E070,2020,123401.0
E070,2021,102879.0
E070,2022,103613.5
E070,2023,93459.0
E070,2024,131136.0
E071,2020,33017.0
E071,2021,30225.0
E071,2022,33654.0
E071,2023,40711.0
E071,2024,56340.0
E075,2020,74186.5
E075,2021,68466.0
E075,2022,76484.0
E075,2023,72107.0
E075,2024,96545.0
E076,2020,107348.5
E076,2021,99960.0
E076,2022,111407.0
E076,2023,114558.0
E076,2024,161550.0
E077,2020,72061.0
E077,2021,66961.0
E077,2022,58457.0
E077,2023,73527.5
E077,2024,101064.0
E078,2020,58399.0
E078,2021,54155.0
E078,2022,60551.0
E078,2023,71374.0
E078,2024,97159.0
E079,2020,39232.0
E079,2021,46853.0
E079,2022,48138.5
E079,2023,61049.0
E079,2024,66747.0
E081,2020,142892.5
E081,2021,106800.0
E081,2022,98309.5
E081,2023,109026.0
E081,2024,166362.0
E082,2020,30785.0
E082,2021,40415.0
E082,2022,39467.5
E082,2023,43364.0
E082,2024,62917.0
E083,2020,83478.0
E083,2021,75454.0
E083,2022,71082.5
E083,2023,68866.0
E083,2024,100656.0
E085,2020,87846.0
E085,2021,72309.0
E085,2022,69022.0
E085,2023,78714.5
E085,2024,106281.0
E086,2020,113419.0
E086,2021,89743.0
E086,2022,80778.0
E086,2023,85107.0
E086,2024,111480.0
E087,2020,102849.0
E087,2021,71007.0
E087,2022,75479.0
E087,2023,70842.0
E087,2024,120957.0
E088,2020,71928.0
E088,2021,89896.0
E088,2022,75642.5
E088,2023,69823.0
E088,2024,98637.5
E090,2020,109937.5
E090,2021,85185.0
E090,2022,76677.0
E090,2023,74598.0
E090,2024,134460.0
E091,2020,54968.0
E091,2021,53653.0
E091,2022,62042.0
E091,2023,59633.0
E091,2024,88640.5
E092,2020,79341.0
E092,2021,73490.5
E092,2022,68789.0
E092,2023,71842.0
E092,2024,103710.0
E093,2020,138560.0
E093,2021,125202.0
E093,2022,103876.0
E093,2023,124930.0
E093,2024,161255.5
E094,2020,126523.5
E094,2021,106029.0
E094,2022,97502.5
E094,2023,99843.0
E094,2024,142445.5
E095,2020,83454.0
E095,2021,67073.5
E095,2022,70081.0
E095,2023,66377.0
E095,2024,76989.0
E096,2020,86464.0
E096,2021,69182.0
E096,2022,67672.0
E096,2023,61827.0
E096,2024,97325.5
E097,2020,38561.0
E097,2021,33520.5
E097,2022,30683.0
E097,2023,26667.0
E097,2024,31856.5
E098,2020,62801.5
E098,2021,55899.0
E098,2022,61996.0
E098,2023,59682.0
E098,2024,86509.0
E099,2020,28850.0
E099,2021,26172.0
E099,2022,27645.0
E099,2023,28739.5
E099,2024,40198.0
E100,2020,106882.5
E100,2021,88967.5
E100,2022,84219.0
E100,2023,79974.0
E100,2024,110548.5
E101,2020,86795.5
E101,2021,75067.0
E101,2022,70452.5
E101,2023,76200.0
E101,2024,119992.0
E102,2020,87647.0
E102,2021,76023.0
E102,2022,66453.0
E102,2023,66028.0
E102,2024,80155.0
E103,2020,55282.5
E103,2021,49140.0
E103,2022,50282.0
E103,2023,44366.0
E103,2024,62571.5
E104,2020,90891.0
E104,2021,71659.0
E104,2022,68651.0
E104,2023,70083.0
E104,2024,106820.0
E105,2020,34402.0
E105,2021,32955.0
E105,2022,34688.0
E105,2023,33955.0
E105,2024,34850.0
E106,2020,86676.0
E106,2021,79323.5
E106,2022,78956.5
E106,2023,71768.5
E106,2024,107567.0
E107,2020,28244.5
E107,2021,26596.0
E107,2022,27496.0
E107,2023,29136.0
E107,2024,35187.0
E108,2020,51215.0
E108,2021,48691.0
E108,2022,58420.0
E108,2023,61433.5
E108,2024,105861.0
E109,2020,139113.5
E109,2021,89869.0
E109,2022,86127.5
E109,2023,85094.0
E109,2024,125297.5
E111,2020,75509.0
E111,2021,71242.0
E111,2022,74518.0
E111,2023,73326.0
E111,2024,103946.0
E112,2020,106384.0
E112,2021,82389.0
E112,2022,81014.5
E112,2023,79506.0
E112,2024,128130.0
E113,2020,133145.0
E113,2021,97147.5
E113,2022,88748.0
E113,2023,80197.0
E113,2024,129303.5
E114,2020,61591.0
E114,2021,60662.0
E114,2022,60411.0
E114,2023,76565.0
E114,2024,83279.0
E115,2020,35333.0
E115,2021,35121.0
E115,2022,46782.0
E115,2023,65816.0
E115,2024,60201.0
E116,2020,148765.0
E116,2021,104809.0
E116,2022,89651.0
E116,2023,90022.0
E116,2024,139354.0
E118,2020,27842.0
E118,2021,33192.5
E118,2022,29644.5
E118,2023,26776.5
E118,2024,37635.0
E119,2020,140486.0
E119,2021,120768.5
E119,2022,100787.0
E119,2023,106898.5
E119,2024,156185.0
E120,2020,132190.0
E120,2021,119264.0
E120,2022,90421.5
E120,2023,100280.0
E120,2024,142966.0
E121,2020,135835.0
E121,2021,98546.0
E121,2022,73989.0
E121,2023,82810.0
E121,2024,123081.0
E123,2020,62768.0
E123,2021,73013.0
E123,2022,66558.0
E123,2023,78875.0
E123,2024,92427.0
E124,2020,109830.0
E124,2021,84778.5
E124,2022,90016.0
E124,2023,97357.5
E124,2024,131967.0
E126,2020,29624.5
E126,2021,25747.0
E126,2022,23958.0
E126,2023,30361.0
E126,2024,31057.5
E127,2020,141797.0
E127,2021,99268.0
E127,2022,82576.0
E127,2023,87513.0
E127,2024,139529.0
E128,2020,91106.5
E128,2021,87263.0
E128,2022,72207.0
E128,2023,71777.0
E128,2024,118525.0
E129,2020,40827.5
E129,2021,67963.0
E129,2022,51670.0
E129,2023,78768.0
E129,2024,63348.5
E130,2020,137101.0
E130,2021,98275.0
E130,2022,86290.0
E130,2023,93339.0
E130,2024,133888.0
E132,2020,149621.0
E132,2021,107997.0
E132,2022,90698.0
E132,2023,101841.5
E132,2024,155915.0
E133,2020,65358.5
E133,2021,46333.0
E133,2022,42880.5
E133,2023,41287.0
E133,2024,51354.0
E134,2020,94889.0
E134,2021,78120.0
E134,2022,72374.0
E134,2023,97882.0
E134,2024,136102.0
E135,2020,93706.0
E135,2021,70717.0
E135,2022,75250.5
E135,2023,69601.5
E135,2024,111887.5
E136,2020,134490.0
E136,2021,103730.0
E136,2022,105289.0
E136,2023,108459.0
E136,2024,143598.5
E139,2020,128829.0
E139,2021,100048.0
E139,2022,94830.0
E139,2023,100602.5
E139,2024,129332.0
E141,2020,20991.0
E141,2021,15345.0
E141,2022,16814.0
E141,2023,15568.0
E141,2024,61793.0
E142,2020,68731.0
E142,2021,74557.0
E142,2022,70152.0
E142,2023,69035.0
E142,2024,127508.0
E144,2020,89835.0
E144,2021,92875.5
E144,2022,90173.0
E144,2023,104736.0
E144,2024,129616.0
E145,2020,73091.0
E145,2021,72139.5
E145,2022,74745.5
E145,2023,69249.0
E145,2024,84270.0
E146,2020,148701.5
E146,2021,120694.0
E146,2022,101805.0
E146,2023,107496.5
E146,2024,140153.0
E147,2020,116076.5
E147,2021,83343.0
E147,2022,76235.0
E147,2023,83696.0
E147,2024,123661.0
E149,2020,57743.0
E149,2021,58281.0
E149,2022,54339.0
E149,2023,55961.5
E149,2024,61720.0
E150,2020,62929.0
E150,2021,61527.5
E150,2022,68874.0
E150,2023,77928.0
E150,2024,103412.0
E151,2020,59400.0
E151,2021,58643.0
E151,2022,54442.0
E151,2023,51581.0
E151,2024,96989.5
E152,2020,81446.0
E152,2021,76668.5
E152,2022,66545.0
E152,2023,74731.5
E152,2024,103845.5
E153,2020,135154.0
E153,2021,92107.0
E153,2022,83467.0
E153,2023,92557.0
E153,2024,121011.0
E154,2020,70561.0
E154,2021,86353.0
E154,2022,87628.0
E154,2023,97210.0
E154,2024,146137.0
E155,2020,61801.0
E155,2021,59151.0
E155,2022,54658.0
E155,2023,65049.5
E155,2024,75648.0
E156,2020,78620.0
E156,2021,82031.0
E156,2022,72659.0
E156,2023,80970.5
E156,2024,127000.0
E157,2020,88390.0
E157,2021,79218.0
E157,2022,81580.0
E157,2023,84911.0
E157,2024,132432.0
E158,2020,69465.0
E158,2021,54675.0
E158,2022,54800.5
E158,2023,68769.0
E158,2024,95336.0
E159,2020,150335.0
E159,2021,115841.0
E159,2022,110466.0
E159,2023,118583.0
E159,2024,157891.0
E160,2020,44926.0
E160,2021,35399.0
E160,2022,39281.0
E160,2023,36091.0
E160,2024,60499.0
E161,2020,104748.0
E161,2021,91527.0
E161,2022,81982.5
E161,2023,92360.0
E161,2024,144355.0
E162,2020,89446.0
E162,2021,89197.0
E162,2022,94060.5
E162,2023,98819.0
E162,2024,140218.0
E163,2020,93877.0
E163,2021,78797.0
E163,2022,77390.0
E163,2023,81136.0
E163,2024,133819.5
E164,2020,112218.5
E164,2021,103733.0
E164,2022,98018.5
E164,2023,110035.5
E164,2024,158221.0
E165,2020,115118.0
E165,2021,98016.0
E165,2022,95448.5
E165,2023,106895.0
E165,2024,137162.5
E166,2020,46983.0
E166,2021,44243.0
E166,2022,44390.0
E166,2023,54831.0
E166,2024,75077.5
E167,2020,81265.0
E167,2021,70515.0
E167,2022,63287.0
E167,2023,58170.0
E167,2024,98284.0
E168,2020,117291.5
E168,2021,94275.0
E168,2022,82933.5
E168,2023,92676.0
E168,2024,129610.5
E169,2020,92924.0
E169,2021,79276.5
E169,2022,69652.0
E169,2023,79832.0
E169,2024,115836.0
E171,2020,107707.5
E171,2021,80280.0
E171,2022,82037.5
E171,2023,84522.0
E171,2024,114210.0
E172,2020,126077.0
E172,2021,89376.0
E172,2022,79646.0
E172,2023,81912.5
E172,2024,134511.0
E173,2020,53299.0
E173,2021,82162.0
E173,2022,64343.0
E173,2023,68690.0
E173,2024,106696.5
E174,2020,150773.5
E174,2021,128248.0
E174,2022,93134.0
E174,2023,110930.0
E174,2024,156615.5
E175,2020,107230.0
E175,2021,92486.0
E175,2022,80108.0
E175,2023,98293.5
E175,2024,131872.0
E176,2020,124993.0
E176,2021,111899.0
E176,2022,100501.0
E176,2023,129042.0
E176,2024,163844.0
E177,2020,107126.0
E177,2021,86065.0
E177,2022,87040.0
E177,2023,95337.5
E177,2024,142476.0
E178,2020,40695.0
E178,2021,43158.0
E178,2022,13212.5
E178,2023,13804.5
E178,2024,18074.5
E180,2020,136635.5
E180,2021,122120.5
E180,2022,113315.0
E180,2023,103698.0
E180,2024,152434.0
E181,2020,139458.5
E181,2023,114600.0
E181,2024,180836.5
E184,2020,148810.0
E184,2021,126463.0
E184,2022,117116.0
E184,2023,125503.0
E184,2024,164892.5
E185,2020,105472.0
E185,2021,88533.5
E185,2022,81822.0
E185,2023,80562.0
E185,2024,129202.0
E186,2020,88914.0
E186,2021,79519.0
E186,2022,93653.0
E186,2023,90336.5
E186,2024,107959.0
E188,2020,120971.0
E188,2021,101143.0
E188,2022,92821.0
E188,2023,94712.0
E188,2024,141429.0
E189,2020,79096.0
E189,2021,95061.0
E189,2022,80257.0
E189,2023,83893.0
E189,2024,123684.0
E191,2020,142889.0
E191,2021,121144.0
E191,2022,102021.5
E191,2023,106651.0
E191,2024,146954.0
E193,2020,143101.0
E193,2021,125999.5
E193,2022,99273.0
E193,2023,130346.0
E193,2024,172942.0
E194,2020,119084.5
E194,2021,94260.0
E194,2022,88705.0
E194,2023,94129.5
E194,2024,151678.0
E196,2020,75671.5
E196,2021,58996.0
E196,2022,58066.0
E196,2023,67821.0
E196,2024,106908.0
E197,2020,145565.5
E197,2021,157851.0
E197,2022,119994.0
E197,2023,138625.0
E197,2024,170662.0
E198,2020,124975.0
E198,2021,104127.0
E198,2022,96160.5
E198,2023,109210.0
E198,2024,121894.0
E199,2020,115270.0
E199,2021,95171.5
E199,2022,90519.5
E199,2023,97898.5
E199,2024,128317.0
E201,2020,87891.0
E201,2021,102834.0
E201,2022,90535.0
E201,2023,99436.0
E201,2024,116659.5
E202,2020,122883.5
E202,2021,165376.0
E202,2022,111216.5
E202,2023,121843.0
E202,2024,169997.0
E203,2020,78588.5
E203,2021,87042.0
E203,2022,89032.5
E203,2023,86004.0
E203,2024,119420.0
E204,2020,123894.0
E204,2021,89928.0
E204,2022,88791.0
E204,2023,94153.5
E204,2024,134088.5
E205,2020,87714.0
E205,2021,74790.0
E205,2022,70227.0
E205,2023,80143.0
E205,2024,116225.0
E206,2020,57301.0
E206,2021,75613.0
E206,2022,73860.0
E206,2023,82385.5
E206,2024,126765.0
E207,2020,121664.0
E207,2021,122360.5
E207,2022,116073.5
E207,2023,110132.0
E207,2024,162949.5
E209,2020,66155.0
E209,2021,64325.5
E209,2022,85792.0
E209,2023,64690.0
E209,2024,105668.0
E210,2020,131215.0
E210,2021,114302.0
E210,2022,96128.5
E210,2023,115306.0
E210,2024,164841.0
E211,2020,74252.0
E211,2021,80648.0
E211,2022,68643.5
E211,2023,94050.0
E211,2024,144439.0
E212,2020,35007.5
E212,2021,36320.0
E212,2022,37485.0
E212,2023,30804.0
E212,2024,42344.5
E213,2020,135528.0
E213,2021,105979.0
E213,2022,110948.0
E213,2023,128060.5
E213,2024,166528.5
E216,2020,130305.0
E216,2021,120390.5
E216,2022,114326.5
E216,2023,110631.0
E216,2024,141066.0
E220,2020,88904.0
E220,2021,72617.0
E220,2022,77349.5
E220,2023,74625.5
E220,2024,92510.0
E221,2020,145205.5
E221,2021,98754.5
E221,2022,92235.0
E221,2023,104556.0
E221,2024,129870.0
E222,2020,89860.0
E222,2021,89510.0
E222,2022,75512.0
E222,2023,74112.0
E222,2024,96824.0
E227,2020,149575.0
E227,2021,126594.0
E227,2022,97222.0
E227,2023,97232.0
E227,2024,159552.0
E232,2020,50259.0
E232,2021,47350.0
E232,2022,39050.0
E232,2023,49895.0
E232,2024,51964.0
E235,2020,39955.0
E235,2021,40542.0
E235,2022,38532.0
E235,2023,52880.0
E235,2024,46650.0
E237,2020,97542.0
E237,2021,69933.0
E237,2022,72208.0
E237,2023,75248.0
E237,2024,88387.5
E238,2020,127458.0
E238,2021,92573.5
E238,2022,88107.0
E238,2023,102245.0
E238,2024,161689.5
E239,2020,82226.5
E239,2021,91440.0
E239,2022,56949.0
E239,2023,58202.0
E239,2024,119333.5
E240,2020,46122.0
E240,2021,41048.0
E240,2022,51076.5
E240,2023,43800.0
E240,2024,52495.0
E241,2020,34002.0
E241,2021,28467.0
E241,2022,33349.0
E241,2023,38464.0
E241,2024,45925.0
E252,2020,90544.0
E252,2021,84575.0
E252,2022,75447.0
E252,2023,91105.0
E252,2024,132276.0
E254,2020,88833.0
E254,2021,79717.0
E254,2022,59480.0
E254,2023,72866.0
E254,2024,113193.0
E255,2020,124951.0
E255,2021,83875.0
E255,2022,81970.0
E255,2023,78369.0
E255,2024,111439.0
E256,2024,166122.0
E257,2020,83088.0
E257,2021,74537.0
E257,2022,62861.5
E257,2023,57690.0
E257,2024,87686.0
E258,2020,74746.0
E258,2021,68471.0
E258,2022,64158.5
E258,2023,69726.0
E258,2024,88167.0
E263,2022,167340.0
E263,2024,202875.5
E264,2020,130334.0
E264,2023,102219.0
E264,2024,157422.0
E265,2020,86247.0
E265,2021,57419.5
E265,2022,54625.0
E265,2023,65420.0
E265,2024,97109.0
E269,2020,104440.0
E269,2021,66438.0
E269,2022,58834.0
E269,2023,116634.5
E269,2024,89895.0
E272,2020,132653.0
E272,2021,106131.0
E272,2022,111041.5
E272,2023,109195.0
E272,2024,150327.0
E273,2020,133995.0
E273,2021,111403.0
E273,2022,116892.0
E273,2023,120190.0
E273,2024,171032.0
E274,2020,102928.5
E274,2021,98075.0
E274,2022,86737.0
E274,2023,101783.0
E274,2024,126124.0
E275,2020,24389.0
E275,2021,21872.0
E275,2022,22916.5
E275,2023,18713.5
E275,2024,24812.5
E278,2020,89738.0
E278,2021,122815.0
E278,2022,129832.0
E278,2023,118734.0
E278,2024,160552.0
E279,2020,43313.5
E279,2021,43918.0
E279,2022,69116.0
E279,2023,91107.0
E279,2024,117665.0
E281,2021,88207.5
E281,2022,90846.0
E281,2023,88450.0
E281,2024,118628.5
E283,2021,111391.0
E283,2022,78448.0
E283,2023,88501.0
E283,2024,107771.0
E284,2021,9646.0
E284,2022,5117.0
E284,2023,4997.5
E284,2024,8381.0
E285,2022,19667.5
E285,2023,21144.0
E285,2024,23713.0
E286,2022,72869.0
E286,2023,55029.0
E286,2024,58065.5
E287,2022,90465.0
E287,2023,97937.0
E287,2024,121960.0
E288,2022,105200.5
E288,2023,103530.0
E288,2024,132137.5
E289,2022,87403.5
E289,2023,91864.5
E289,2024,109042.0
E290,2022,33161.0
E290,2023,43304.5
E290,2024,97672.0
E291,2022,95868.0
E291,2023,87863.0
E291,2024,133158.0
E292,2022,92968.0
E292,2023,82757.0
E292,2024,115381.0
E297,2023,106784.5
E297,2024,138058.0
E299,2023,104615.0
E299,2024,147408.5
E300,2023,104749.5
E300,2024,104046.0
E301,2023,134619.5
E301,2024,151556.0
E302,2023,98639.0
E302,2024,114619.0
E303,2023,145037.0
E303,2024,143015.0
E304,2024,137960.0
E305,2024,139658.0
E306,2024,132013.0
E307,2024,134329.0
E308,2024,131238.0
E309,2024,154562.0
