Branch,Year,median,count,branch_median_prev,branch_pop_prev
"AD Artificial Intel, Data Sc",2020,47707.0,75,,0
"AD Artificial Intel, Data Sc",2021,68681.0,745,47707.0,75
"AD Artificial Intel, Data Sc",2022,68368.0,1163,58194.0,820
"AD Artificial Intel, Data Sc",2023,69932.5,1402,68368.0,1983
"AD Artificial Intel, Data Sc",2024,95034.0,1473,68524.5,3385
AE Aeronaut.Engg,2020,55229.0,405,,0
AE Aeronaut.Engg,2021,77899.0,601,55229.0,405
AE Aeronaut.Engg,2022,93872.0,449,66564.0,1006
AE Aeronaut.Engg,2023,101329.0,627,77899.0,1455
AE Aeronaut.Engg,2024,105610.0,569,85885.5,2082
AI Artificial Intelligence,2020,49095.0,979,,0
AI Artificial Intelligence,2021,56997.0,2184,49095.0,979
AI Artificial Intelligence,2022,62381.0,2815,53046.0,3163
AI Artificial Intelligence,2023,61055.0,3125,56997.0,5978
AI Artificial Intelligence,2024,80745.0,3552,59026.0,9103
AM B Tech in AM,2023,36558.0,314,,0
AM B Tech in AM,2024,42333.5,414,36558.0,314
AT Automotive Engg.,2020,152282.0,3,,0
AT Automotive Engg.,2021,157943.0,14,152282.0,3
AT Automotive Engg.,2022,104261.0,11,155112.5,17
AT Automotive Engg.,2023,134343.0,14,152282.0,28
AT Automotive Engg.,2024,142558.0,13,143312.5,42
AU Automobile,2020,101216.0,89,,0
AU Automobile,2021,121048.0,72,101216.0,89
AU Automobile,2022,120434.0,62,111132.0,161
AU Automobile,2023,144346.0,65,120434.0,223
AU Automobile,2024,165388.0,110,120741.0,288
BA B.Tech(Agri.Engg),2023,94711.0,17,,0
BA B.Tech(Agri.Engg),2024,110023.0,21,94711.0,17
BB B Tech in EC,2023,64150.0,553,,0
BB B Tech in EC,2024,84726.0,725,64150.0,553
BC Computer Tech.,2020,55220.0,28,,0
BD CS- Big Data,2020,107065.0,26,,0
BD CS- Big Data,2021,55355.0,34,107065.0,26
BD CS- Big Data,2022,78636.0,35,81210.0,60
BE Bio-Electronics Engg.,2020,86974.5,16,,0
BE Bio-Electronics Engg.,2021,81992.0,23,86974.5,16
BF B Tech in DS,2023,97937.0,15,,0
BF B Tech in DS,2024,121960.0,39,97937.0,15
BG B Tech in AD,2023,32579.0,57,,0
BG B Tech in AD,2024,94197.0,301,32579.0,57
BH B Tech in AI,2023,100945.0,96,,0
BH B Tech in AI,2024,85515.0,151,100945.0,96
BI Information Tech.,2020,133097.0,19,,0
BJ B Tech in EE,2023,99213.0,234,,0
BJ B Tech in EE,2024,106119.0,273,99213.0,234
BK B Tech in EN,2023,202097.0,3,,0
BK B Tech in EN,2024,219285.0,12,202097.0,3
BL B Tech in AS,2023,74403.0,126,,0
BL B Tech in AS,2024,71062.0,142,74403.0,126
BM Bio Medical,2020,81709.0,69,,0
BM Bio Medical,2021,84586.5,76,81709.0,69
BM Bio Medical,2022,117684.5,54,83147.75,145
BM Bio Medical,2023,121462.0,78,84586.5,199
BM Bio Medical,2024,138958.0,85,101135.5,277
BN B Tech in BD,2023,68851.0,35,,0
BN B Tech in BD,2024,76421.0,42,68851.0,35
BO B Tech in BT,2023,45710.0,33,,0
BO B Tech in BT,2024,63006.0,56,45710.0,33
BP B Tech in CE,2023,159941.0,74,,0
BP B Tech in CE,2024,174834.0,145,159941.0,74
BQ B Tech in CG,2023,68946.5,82,,0
BQ B Tech in CG,2024,77586.0,123,68946.5,82
BR BioMed. and Robotic Engg,2021,125740.0,11,,0
BR BioMed. and Robotic Engg,2022,94291.0,22,125740.0,11
BR BioMed. and Robotic Engg,2023,117259.0,31,110015.5,33
BR BioMed. and Robotic Engg,2024,132452.5,26,117259.0,64
BT Bio Technology,2020,41455.0,538,,0
BT Bio Technology,2021,38931.0,522,41455.0,538
BT Bio Technology,2022,66405.0,429,40193.0,1060
BT Bio Technology,2023,81462.0,439,41455.0,1489
BT Bio Technology,2024,72566.0,432,53930.0,1928
BU B Tech in CI,2023,52427.0,99,,0
BU B Tech in CI,2024,62494.0,92,52427.0,99
BV B Tech in CO,2023,88367.0,56,,0
BV B Tech in CO,2024,90449.0,84,88367.0,56
BW B Tech in CS,2023,46126.0,986,,0
BW B Tech in CS,2024,68527.0,1327,46126.0,986
BX B Tech in CY,2023,61336.0,99,,0
BX B Tech in CY,2024,70975.0,148,61336.0,99
BY B Tech in DO,2023,72140.0,38,,0
BY B Tech in DO,2024,79572.5,38,72140.0,38
BZ B Tech in DS,2023,53449.0,129,,0
BZ B Tech in DS,2024,90335.0,207,53449.0,129
"CA CS (AI, Machine Learning)",2021,52843.0,659,,0
"CA CS (AI, Machine Learning)",2022,60373.0,1389,52843.0,659
"CA CS (AI, Machine Learning)",2023,65454.0,1792,56608.0,2048
"CA CS (AI, Machine Learning)",2024,83813.0,2213,60373.0,3840
CB Comp. Sc. and Bus Sys.,2020,30949.0,84,,0
CB Comp. Sc. and Bus Sys.,2021,40384.0,165,30949.0,84
CB Comp. Sc. and Bus Sys.,2022,68290.0,426,35666.5,249
CB Comp. Sc. and Bus Sys.,2023,61176.0,613,40384.0,675
CB Comp. Sc. and Bus Sys.,2024,72012.5,564,50780.0,1288
CC Computer and Comm. Engg.,2020,72300.0,36,,0
CC Computer and Comm. Engg.,2021,88924.0,36,72300.0,36
CC Computer and Comm. Engg.,2022,69799.5,36,80612.0,72
CC Computer and Comm. Engg.,2023,71696.0,36,72300.0,108
CC Computer and Comm. Engg.,2024,97339.0,35,71998.0,144
CD Computer Sc. and Design,2021,69639.5,388,,0
CD Computer Sc. and Design,2022,72573.0,556,69639.5,388
CD Computer Sc. and Design,2023,82932.0,663,71106.25,944
CD Computer Sc. and Design,2024,105738.0,661,72573.0,1607
CE Civil,2020,73608.5,2578,,0
CE Civil,2021,109718.5,2690,73608.5,2578
CE Civil,2022,129009.0,1750,91663.5,5268
CE Civil,2023,148183.0,1848,109718.5,7018
CE Civil,2024,178188.0,3275,119363.75,8866
CF CS(Artificial Intel.),2021,41892.0,69,,0
CF CS(Artificial Intel.),2022,48899.0,228,41892.0,69
CF CS(Artificial Intel.),2023,52590.0,266,45395.5,297
CF CS(Artificial Intel.),2024,67751.5,306,48899.0,563
CG Computer Science and Tech,2021,55225.0,88,,0
CG Computer Science and Tech,2022,59252.5,92,55225.0,88
CG Computer Science and Tech,2024,114486.0,29,57238.75,180
CH Chemical,2020,55346.5,224,,0
CH Chemical,2021,64945.0,269,55346.5,224
CH Chemical,2022,90568.0,210,60145.75,493
CH Chemical,2023,117309.0,259,64945.0,703
CH Chemical,2024,90997.0,313,77756.5,962
CI Computer and Information,2020,37283.5,48,,0
CI Computer and Information,2021,36515.5,54,37283.5,48
CI Computer and Information,2022,33477.5,60,36899.5,102
CK Civil Engg (Kannada),2021,169393.0,3,,0
CK Civil Engg (Kannada),2022,144592.0,3,169393.0,3
CK Civil Engg (Kannada),2023,200622.0,1,156992.5,6
CK Civil Engg (Kannada),2024,188790.0,6,169393.0,7
CL B Tech in EO,2023,38586.0,29,,0
CL B Tech in EO,2024,103842.0,124,38586.0,29
CM B Tech in EV,2023,80146.0,71,,0
CM B Tech in EV,2024,151902.0,35,80146.0,71
CN B Tech in IB,2023,34092.0,39,,0
CN B Tech in IB,2024,41673.0,39,34092.0,39
CO Computer Engineering,2020,35570.0,45,,0
CO Computer Engineering,2021,69792.0,93,35570.0,45
CO Computer Engineering,2022,74407.0,92,52681.0,138
CO Computer Engineering,2023,116469.0,139,69792.0,230
CO Computer Engineering,2024,132131.5,120,72099.5,369
CQ B Tech in IO,2023,84128.5,50,,0
CQ B Tech in IO,2024,89904.0,93,84128.5,50
CR Ceramics,2020,131863.0,2,,0
CR Ceramics,2021,171573.0,3,131863.0,2
CR Ceramics,2022,160169.0,4,151718.0,5
CR Ceramics,2023,202836.0,3,160169.0,9
CR Ceramics,2024,214071.0,11,165871.0,12
CS Computers,2020,50612.0,7127,,0
CS Computers,2021,48666.5,9806,50612.0,7127
CS Computers,2022,52053.0,11021,49639.25,16933
CS Computers,2023,58651.0,10961,50612.0,27954
CS Computers,2024,83970.5,11334,51332.5,38915
CT Const. Tech. Mgmt.,2020,116191.5,18,,0
CT Const. Tech. Mgmt.,2021,130323.0,17,116191.5,18
CT Const. Tech. Mgmt.,2022,108123.0,8,123257.25,35
CT Const. Tech. Mgmt.,2023,175223.0,12,116191.5,43
CT Const. Tech. Mgmt.,2024,165823.0,19,123257.25,55
CU B Tech in IS,2023,51021.0,171,,0
CU B Tech in IS,2024,84218.0,217,51021.0,171
CV Civil Environment Engg,2021,172179.0,3,,0
CV Civil Environment Engg,2022,151006.0,8,172179.0,3
CV Civil Environment Engg,2023,166240.5,10,161592.5,11
CV Civil Environment Engg,2024,164748.5,16,166240.5,21
CW B Tech in IT,2023,91940.0,125,,0
CW B Tech in IT,2024,127706.0,120,91940.0,125
CX B Tech in IY,2023,72478.0,49,,0
CX B Tech in IY,2024,91938.5,52,72478.0,49
CY CS- Cyber Security,2020,79573.0,79,,0
CY CS- Cyber Security,2021,48001.0,186,79573.0,79
CY CS- Cyber Security,2022,60550.0,393,63787.0,265
CY CS- Cyber Security,2023,75717.5,602,60550.0,658
CY CS- Cyber Security,2024,93953.0,606,68133.75,1260
CZ B Tech in LC,2023,71955.5,36,,0
CZ B Tech in LC,2024,78480.0,41,71955.5,36
DA B Tech in MC,2023,55469.0,21,,0
DA B Tech in MC,2024,33399.0,22,55469.0,21
DB B Tech in ME,2023,129427.5,134,,0
DB B Tech in ME,2024,129727.0,199,129427.5,134
DC Data Sciences,2023,111302.5,56,,0
DC Data Sciences,2024,150001.0,58,111302.5,56
DD B Tech in MS,2023,100604.0,34,,0
DD B Tech in MS,2024,93944.0,26,100604.0,34
DE B Tech in PE,2023,161331.0,21,,0
DE B Tech in PE,2024,149305.0,21,161331.0,21
DF B Tech in RA,2023,55482.0,35,,0
DF B Tech in RA,2024,152466.0,30,55482.0,35
DH B Tech in RAI,2023,50026.0,34,,0
DH B Tech in RAI,2024,84330.0,113,50026.0,34
DI B Tech in RE,2023,141596.0,25,,0
DI B Tech in RE,2024,164631.5,34,141596.0,25
DJ B Tech in RO,2023,66253.0,20,,0
DJ B Tech in RO,2024,57037.0,21,66253.0,20
DK B Tech in SS,2023,39916.0,39,,0
DK B Tech in SS,2024,41669.0,40,39916.0,39
DL B.TECH IN CS,2023,106967.0,57,,0
DL B.TECH IN CS,2024,114520.0,57,106967.0,57
DM B.TECH IN CS NW,2023,79250.0,37,,0
DM B.TECH IN CS NW,2024,83864.0,41,79250.0,37
DN B.Tech in VLSI,2023,133130.5,34,,0
DN B.Tech in VLSI,2024,115089.5,34,133130.5,34
DS Comp. Sc. Engg- Data Sc.,2020,68206.0,144,,0
DS Comp. Sc. Engg- Data Sc.,2021,65051.5,406,68206.0,144
DS Comp. Sc. Engg- Data Sc.,2022,62188.0,1601,66628.75,550
DS Comp. Sc. Engg- Data Sc.,2023,66439.0,1635,65051.5,2151
DS Comp. Sc. Engg- Data Sc.,2024,83764.5,1846,65745.25,3786
EA Agriculture Engineering,2021,98232.0,77,,0
EA Agriculture Engineering,2022,121421.0,94,98232.0,77
EA Agriculture Engineering,2023,108560.0,109,109826.5,171
EA Agriculture Engineering,2024,153747.0,131,108560.0,280
EB EAT,2023,67516.0,36,,0
EB EAT,2024,69414.0,39,67516.0,36
EC Electronics,2020,49277.0,4463,,0
EC Electronics,2021,74168.0,7673,49277.0,4463
EC Electronics,2022,73361.0,8117,61722.5,12136
EC Electronics,2023,79430.5,8158,73361.0,20253
EC Electronics,2024,103257.0,8234,73764.5,28411
EE Electrical,2020,49163.0,1975,,0
EE Electrical,2021,81252.0,2763,49163.0,1975
EE Electrical,2022,88517.0,2911,65207.5,4738
EE Electrical,2023,98085.0,3138,81252.0,7649
EE Electrical,2024,113164.5,3220,84884.5,10787
EG Energy Engineering,2021,183024.0,1,,0
EG Energy Engineering,2022,160160.0,5,183024.0,1
EI Elec. Inst. Engg,2020,51313.0,401,,0
EI Elec. Inst. Engg,2021,68107.5,414,51313.0,401
EI Elec. Inst. Engg,2022,67698.5,442,59710.25,815
EI Elec. Inst. Engg,2023,66242.5,436,67698.5,1257
EI Elec. Inst. Engg,2024,83350.0,348,66970.5,1693
"EL Electronics, Instr. Tech.",2021,45119.5,54,,0
"EL Electronics, Instr. Tech.",2024,51260.0,57,45119.5,54
EN Environmental,2020,68057.0,51,,0
EN Environmental,2021,101969.0,27,68057.0,51
EN Environmental,2022,110957.0,32,85013.0,78
EN Environmental,2023,128339.0,41,101969.0,110
EN Environmental,2024,123853.0,45,106463.0,151
ER Electrical and Computer,2020,130564.0,12,,0
ER Electrical and Computer,2021,81162.0,34,130564.0,12
ER Electrical and Computer,2024,133712.0,13,105863.0,46
ES Electronics and Computer,2020,125758.0,20,,0
ES Electronics and Computer,2021,78530.0,66,125758.0,20
ES Electronics and Computer,2022,85408.0,133,102144.0,86
ES Electronics and Computer,2023,132950.0,206,85408.0,219
ES Electronics and Computer,2024,124062.0,249,105583.0,425
ET Elec. Telecommn.,2020,32731.0,108,,0
ET Elec. Telecommn. Engg.,2021,38897.0,359,,0
ET Elec. Telecommn. Engg.,2022,51436.0,403,38897.0,359
ET Elec. Telecommn. Engg.,2023,46060.5,394,45166.5,762
ET Elec. Telecommn. Engg.,2024,48248.0,336,46060.5,1156
EV EC Engg(VLSI Design),2022,46124.0,66,,0
EV EC Engg(VLSI Design),2023,76829.5,118,46124.0,66
EV EC Engg(VLSI Design),2024,80300.0,193,61476.75,184
EZ ELECTRONICS AND COMPUT,2024,138158.0,28,,0
IB CS-IoT Block Chain,2022,36437.0,30,,0
"IC CS-IoT, Cyber Security",2021,92583.0,55,,0
"IC CS-IoT, Cyber Security",2023,79465.0,660,92583.0,55
"IC CS-IoT, Cyber Security",2024,99928.5,774,86024.0,715
"IC IoT, Cyber Security",2020,90385.5,2,,0
IE Info.Science,2020,43308.0,2878,,0
IE Info.Science,2021,45290.5,3972,43308.0,2878
IE Info.Science,2022,46354.0,4350,44299.25,6850
IE Info.Science,2023,55377.0,4888,45290.5,11200
IE Info.Science,2024,84416.5,4340,45822.25,16088
IG Information Technology,2021,71434.0,71,,0
IG Information Technology,2022,72238.0,73,71434.0,71
II EC -Industrial Integrated,2020,52213.0,31,,0
II EC -Industrial Integrated,2021,39651.5,38,52213.0,31
II EC -Industrial Integrated,2022,33999.0,33,45932.25,69
IM Ind. Engg. Mgmt.,2020,67763.5,194,,0
IM Ind. Engg. Mgmt.,2021,72352.0,211,67763.5,194
IM Ind. Engg. Mgmt.,2022,79706.0,163,70057.75,405
IM Ind. Engg. Mgmt.,2023,95292.5,182,72352.0,568
IM Ind. Engg. Mgmt.,2024,78320.5,212,76029.0,750
IO CS- Internet of Things,2020,117946.0,21,,0
IO CS- Internet of Things,2021,88648.0,61,117946.0,21
IO CS- Internet of Things,2022,74294.0,487,103297.0,82
IO CS- Internet of Things,2023,92456.0,51,88648.0,569
IO CS- Internet of Things,2024,118010.0,26,90552.0,620
IP Ind.Prodn.,2020,103926.0,125,,0
IP Ind.Prodn.,2021,119555.0,153,103926.0,125
IP Ind.Prodn.,2022,130925.0,84,111740.5,278
IP Ind.Prodn.,2023,143974.0,48,119555.0,362
IP Ind.Prodn.,2024,155455.0,92,125240.0,410
IS Information Sc. and Tech.,2021,53464.5,36,,0
IS Information Sc. and Tech.,2022,60639.5,52,53464.5,36
IY CS-IT-Cyber Security,2022,106512.0,37,,0
IZ INFORMATION SCIENCE,2024,137190.0,41,,0
LA B Plan,2022,167340.0,6,,0
LA B Plan,2024,202875.5,16,167340.0,6
LC CS- Block Chain,2020,140796.0,6,,0
LC CS- Block Chain,2021,75261.0,33,140796.0,6
LC CS- Block Chain,2022,76168.5,28,108028.5,39
LD B Tech in DS,2023,153327.0,10,,0
LD B Tech in DS,2024,109951.0,46,153327.0,10
LE B Tech in AIML,2023,187216.0,12,,0
LE B Tech in AIML,2024,110712.0,113,187216.0,12
LF B Tech in CC,2023,192368.0,2,,0
LF B Tech in CC,2024,164844.5,34,192368.0,2
LG B Tech in CS,2023,167846.5,10,,0
LG B Tech in CS,2024,137998.0,45,167846.5,10
LH B Tech in IS,2023,196896.0,2,,0
LH B Tech in IS,2024,156585.0,32,196896.0,2
LJ B Tech in BS,2023,198677.5,2,,0
LJ B Tech in BS,2024,176420.0,28,198677.5,2
LK B Tech in IOT,2023,178340.0,2,,0
LK B Tech in IOT,2024,176929.0,52,178340.0,2
MD Med.Elect.,2020,51293.0,136,,0
MD Med.Elect.,2021,45467.0,136,51293.0,136
MD Med.Elect.,2022,76387.0,99,48380.0,272
MD Med.Elect.,2023,79396.5,102,51293.0,371
MD Med.Elect.,2024,101570.0,79,63840.0,473
ME Mechanical,2020,80790.0,1404,,0
ME Mechanical,2021,117686.5,1598,80790.0,1404
ME Mechanical,2022,124756.0,1321,99238.25,3002
ME Mechanical,2023,141478.0,1553,117686.5,4323
ME Mechanical,2024,170830.0,2955,121221.25,5876
MI Mining Engineering,2024,197524.0,18,,0
MK Mechanical Engg (Kannada),2023,199165.0,1,,0
MK Mechanical Engg (Kannada),2024,233215.0,9,199165.0,1
"MM Mechanical, Smart Manf.",2020,89738.0,12,,0
"MM Mechanical, Smart Manf.",2021,129241.0,40,89738.0,12
"MM Mechanical, Smart Manf.",2022,131060.0,17,109489.5,52
"MM Mechanical, Smart Manf.",2023,188094.0,6,129241.0,69
"MM Mechanical, Smart Manf.",2024,236235.0,20,130150.5,75
MN Mining,2020,146850.0,1,,0
MN Mining Engineering,2021,167133.0,11,,0
MN Mining Engineering,2022,167347.0,5,167133.0,11
MR Marine Engineering,2020,89835.0,21,,0
MR Marine Engineering,2021,151413.0,11,89835.0,21
MR Marine Engineering,2022,163083.0,9,120624.0,32
MR Marine Engineering,2023,134178.0,28,151413.0,41
MR Marine Engineering,2024,120696.0,29,142795.5,69
MT Mechatronics,2020,119375.0,42,,0
MT Mechatronics,2021,119501.5,56,119375.0,42
MT Mechatronics,2022,137860.0,55,119438.25,98
MT Mechatronics,2023,145908.0,53,119501.5,153
MT Mechatronics,2024,157995.0,65,128680.75,206
OP Comp. Sc. Engg- Dev Ops,2020,130236.5,10,,0
OP Comp. Sc. Engg- Dev Ops,2021,63946.0,31,130236.5,10
OP Comp. Sc. Engg- Dev Ops,2022,77789.0,33,97091.25,41
OT Industrial IOT,2021,177882.0,7,,0
OT Industrial IOT,2023,139220.0,19,177882.0,7
OT Industrial IOT,2024,137795.0,17,158551.0,26
PL Petroleum Engineering,2020,140901.0,3,,0
PL Petroleum Engineering,2021,139339.0,19,140901.0,3
PL Petroleum Engineering,2022,144474.0,11,140120.0,22
PT Polymer Tech.,2020,82271.0,24,,0
PT Polymer Tech.,2021,144623.5,12,82271.0,24
PT Polymer Tech.,2022,123949.5,26,113447.25,36
PT Polymer Tech.,2023,154755.5,22,123949.5,62
PT Polymer Tech.,2024,151858.0,33,134286.5,84
RA Robotics and Automation,2021,92398.0,159,,0
RA Robotics and Automation,2022,106641.0,131,92398.0,159
RA Robotics and Automation,2023,112663.5,132,99519.5,290
RA Robotics and Automation,2024,132489.5,142,106641.0,422
RB Robotics,2021,57568.0,29,,0
RB Robotics,2022,65308.0,19,57568.0,29
RI Robotics and AI,2021,135024.0,33,,0
RI Robotics and AI,2022,91073.0,115,135024.0,33
RI Robotics and AI,2023,84079.0,153,113048.5,148
RI Robotics and AI,2024,97372.0,406,91073.0,301
RM CS-RO Engg-AI and ML,2022,107066.5,32,,0
RO Auto. And Robot.,2020,50610.0,86,,0
RO Auto. And Robot.,2021,75286.0,44,50610.0,86
RO Auto. And Robot.,2022,83713.0,79,62948.0,130
RO Auto. And Robot.,2023,98857.0,62,75286.0,209
RO Auto. And Robot.,2024,104075.0,61,79499.5,271
SE Aero Space Engg.,2020,43645.0,240,,0
SE Aero Space Engg.,2021,47813.0,280,43645.0,240
SE Aero Space Engg.,2022,64339.0,220,45729.0,520
SE Aero Space Engg.,2023,71710.0,174,47813.0,740
SE Aero Space Engg.,2024,44582.0,207,56076.0,914
SS CS and System Engg,2020,58845.0,35,,0
SS CS and System Engg,2021,39551.0,39,58845.0,35
SS CS and System Engg,2022,35768.0,33,49198.0,74
TC Telecommn.,2020,48692.5,212,,0
TC Telecommn.,2021,64504.0,28,48692.5,212
TC Telecommn.,2023,66556.0,37,56598.25,240
TC Telecommn.,2024,72881.0,23,64504.0,277
TI Industrial IoT,2022,124143.0,12,,0
TX Textiles,2020,78539.5,46,,0
TX Textiles,2021,111420.5,60,78539.5,46
TX Textiles,2022,149928.0,33,94980.0,106
TX Textiles,2023,181648.0,20,111420.5,139
TX Textiles,2024,199181.5,52,130674.25,159
YA B.TEHIN COM.SCE.ENG(ROBO),2024,111507.0,28,,0
YB B.TECH IN CS.ENG(DAT ANA),2024,117258.0,32,,0
YC B.TECH IN EMD. SYS. VLSI,2024,136382.5,22,,0
YD B.TECH IN CS AND ARTI INT,2024,92134.0,33,,0
YE B.TECH IN CIV.CONST.SUST.,2024,200849.5,10,,0
YF B.TECH IN ELECT ENGG. CS.,2024,125509.5,28,,0
YG B.TECH IN EC.ENG.VSLI EMD,2024,147472.0,27,,0
YH ENGINEERING DESIGN,2024,229006.5,20,,0
YI B.TECH IN MECHANICAL,2024,137766.0,21,,0
ZA B TECH IN AERONAUT. ENGG.,2024,166923.0,35,,0
ZC CSC,2023,133761.0,27,,0
ZC CSC,2024,159178.0,117,133761.0,27
ZH B TECH IN COMP.SC.ART.INT,2024,43010.0,35,,0
ZL CIVIL ENG. WITH COMP.APPL,2024,217321.0,11,,0
ZM B.TECH IN COMP.SCI. DESI.,2024,117671.0,42,,0
ZN B.TECH IN PHARM. ENGG.,2024,205799.0,14,,0
ZO B.TECH IN CS.AND BUSI.SYS,2024,148922.5,64,,0
ZQ B.TECH IN IN.TCH.DAT.ANAL,2024,107591.5,26,,0
ZR COMP.SCE.AND ENG(ART.INT),2024,98775.0,55,,0
ZT B.TECH. IN MECH.SMAR.MANU,2024,191442.0,13,,0
ZU CYBER SECURITY,2024,139755.0,30,,0
ZV B.TECH.IN INF.TEC.AUG.REA,2024,96979.5,26,,0
ZW COMP. SCE. AND ENG (AIML),2024,149095.0,56,,0
mn Mining Engineering,2023,150742.0,21,,0
