College_Code,Year,median,count,college_median_prev,college_pop_prev,college_trend_prev3_slope
E001,2020,24244.0,366,,0,
E001,2021,20150.0,453,24244.0,366,
E001,2022,25274.0,447,22197.0,819,-4094.000000001853
E001,2023,30276.0,495,24244.0,1266,514.9999999992523
E001,2024,35459.0,503,24759.0,1761,5062.9999999994425
E002,2020,38460.0,205,,0,
E002,2021,40505.0,203,38460.0,205,
E002,2022,44820.0,181,39482.5,408,2045.0000000009397
E002,2023,43970.0,175,40505.0,589,3179.9999999995835
E002,2024,79928.0,205,42237.5,764,1732.4999999999618
E003,2020,21594.0,268,,0,
E003,2021,28552.5,266,21594.0,268,
E003,2022,52410.5,260,25073.25,534,6958.500000003163
E003,2023,51371.0,266,28552.5,794,15408.249999997508
E003,2024,45147.0,285,39961.75,1060,11409.249999999496
E004,2020,54900.0,391,,0,
E004,2021,55973.0,425,54900.0,391,
E004,2022,67238.0,396,55436.5,816,1073.000000000494
E004,2023,72850.0,419,55973.0,1212,6168.999999998732
E004,2024,79407.0,458,61605.5,1631,8438.499999999241
E005,2020,8539.0,531,,0,
E005,2021,9123.0,570,8539.0,531,
E005,2022,10542.0,655,8831.0,1101,584.0000000002676
E005,2023,10981.0,695,9123.0,1756,1001.499999999858
E005,2024,9647.0,683,9832.5,2451,928.9999999999266
E006,2020,19004.0,531,,0,
E006,2021,15044.0,689,19004.0,531,
E006,2022,18216.0,691,17024.0,1220,-3960.000000001796
E006,2023,18851.0,701,18216.0,1911,-394.00000000051756
E006,2024,22302.0,791,18533.5,2612,1903.4999999998656
E007,2020,34986.0,663,,0,
E007,2021,31418.5,694,34986.0,663,
E007,2022,32159.0,768,33202.25,1357,-3567.5000000016084
E007,2023,32967.0,897,32159.0,2125,-1413.500000000219
E007,2024,36284.5,954,32563.0,3022,774.2499999999123
E008,2020,29995.0,422,,0,
E008,2021,28148.0,433,29995.0,422,
E008,2022,29781.0,549,29071.5,855,-1847.000000000836
E008,2023,32642.0,574,29781.0,1404,-107.00000000025871
E008,2024,35922.0,610,29888.0,1978,2246.999999999715
E009,2020,16468.5,346,,0,
E009,2021,12058.0,305,16468.5,346,
E009,2022,14265.0,345,14263.25,651,-4410.500000002003
E009,2023,16766.5,364,14265.0,996,-1101.7500000004216
E009,2024,14668.0,378,15366.75,1360,2354.249999999732
E011,2020,47819.0,317,,0,
E011,2021,52280.0,450,47819.0,317,
E011,2022,53110.0,419,50049.5,767,4461.000000002028
E011,2023,68195.5,518,52280.0,1186,2645.500000000069
E011,2024,70429.5,528,52695.0,1704,7957.749999998685
E012,2020,36891.0,320,,0,
E012,2021,36432.0,315,36891.0,320,
E012,2022,40013.0,413,36661.5,635,-459.00000000020765
E012,2023,44218.5,434,36891.0,1048,1560.9999999995682
E012,2024,49904.0,561,38452.0,1482,3893.2499999995503
E013,2020,128217.0,9,,0,
E013,2021,115565.5,86,128217.0,9,
E013,2022,100699.0,125,121891.25,95,-12651.500000005726
E013,2023,106444.5,178,115565.5,220,-13758.999999998754
E013,2024,127931.0,187,111005.0,398,-4560.500000000112
E014,2020,63311.0,202,,0,
E014,2021,73908.0,294,63311.0,202,
E014,2022,67102.0,355,68609.5,496,10597.000000004798
E014,2023,70512.5,362,67102.0,851,1895.5000000011921
E014,2024,98492.0,366,68807.25,1213,-1697.75000000012
E015,2020,125980.0,62,,0,
E015,2021,125059.5,110,125980.0,62,
E015,2022,98914.0,130,125519.75,172,-920.5000000003963
E015,2023,116278.0,184,125059.5,302,-13532.999999997006
E015,2024,161753.5,204,120668.75,486,-4390.750000000833
E016,2020,29771.0,459,,0,
E016,2021,31669.0,465,29771.0,459,
E016,2022,29001.0,484,30720.0,924,1898.0000000008645
E016,2023,39366.0,571,29771.0,1408,-384.9999999996222
E016,2024,49419.0,611,30720.0,1979,3848.499999999184
E017,2020,81996.0,159,,0,
E017,2021,78596.0,251,81996.0,159,
E017,2022,62679.5,284,80296.0,410,-3400.000000001541
E017,2023,70676.0,387,78596.0,694,-9658.249999998283
E017,2024,98488.0,437,74636.0,1081,-3960.0000000002915
E018,2020,108502.0,75,,0,
E018,2021,84403.0,143,108502.0,75,
E018,2022,76916.0,138,96452.5,218,-24099.000000010954
E018,2023,75671.0,557,84403.0,356,-15793.000000000045
E018,2024,136539.5,190,80659.5,913,-4365.999999999707
E021,2020,34732.0,579,,0,
E021,2021,37478.0,384,34732.0,579,
E021,2022,50339.0,415,36105.0,963,2746.0000000012546
E021,2023,58406.0,35,37478.0,1378,7803.499999998617
E021,2024,61421.0,463,43908.5,1413,10463.999999998989
E022,2020,39880.0,135,,0,
E022,2021,58805.0,268,39880.0,135,
E022,2022,71773.0,163,49342.5,403,18925.000000008604
E022,2023,84408.5,170,58805.0,566,15946.499999999218
E022,2024,74116.5,168,65289.0,736,12801.749999998598
E023,2020,61795.0,197,,0,
E023,2021,82315.0,205,61795.0,197,
E023,2022,85605.0,199,72055.0,402,20520.000000009328
E023,2023,104709.0,181,82315.0,601,11905.00000000039
E023,2024,125779.0,178,83960.0,782,11196.999999998292
E024,2020,48035.0,186,,0,
E024,2021,71005.0,169,48035.0,186,
E024,2022,67395.0,105,59520.0,355,22970.000000010437
E024,2023,74890.5,136,67395.0,460,9680.000000001277
E024,2024,121768.0,187,69200.0,596,1942.749999999457
E028,2020,101487.0,72,,0,
E028,2021,84572.5,158,101487.0,72,
E028,2022,92902.0,159,93029.75,230,-16914.500000007658
E028,2023,94589.5,172,92902.0,389,-4292.500000001609
E028,2024,130804.0,197,93745.75,561,5008.499999999643
E029,2020,83998.0,39,,0,
E029,2021,83172.0,89,83998.0,39,
E029,2022,86986.5,98,83585.0,128,-826.0000000003892
E029,2023,108380.0,112,83998.0,226,1494.2499999995416
E029,2024,150380.0,115,85492.25,338,12603.999999998066
E031,2020,43366.5,248,,0,
E031,2021,52377.0,254,43366.5,248,
E031,2022,55090.0,209,47871.75,502,9010.500000004093
E031,2023,50275.0,204,52377.0,711,5861.7500000000255
E031,2024,96059.5,280,51326.0,915,-1050.9999999996594
E032,2020,119819.0,33,,0,
E032,2021,98644.5,82,119819.0,33,
E032,2022,88663.0,79,109231.75,115,-21174.50000000961
E032,2023,93653.0,84,98644.5,194,-15577.999999999634
E032,2024,137717.0,128,96148.75,278,-2495.7500000001723
E033,2020,129908.0,46,,0,
E033,2021,97163.5,136,129908.0,46,
E033,2022,93954.0,117,113535.75,182,-32744.500000014872
E033,2023,104744.0,126,97163.5,299,-17977.000000000866
E033,2024,147904.0,133,100953.75,425,3790.2499999991574
E034,2020,31207.0,251,,0,
E034,2021,40037.0,273,31207.0,251,
E034,2022,27242.0,265,35622.0,524,8830.00000000402
E034,2023,38699.0,302,31207.0,789,-1982.4999999981928
E034,2024,91245.0,436,34953.0,1091,-669.000000000658
E035,2020,114596.0,17,,0,
E035,2021,121932.0,45,114596.0,17,
E035,2022,112734.0,60,118264.0,62,7336.000000003342
E035,2023,120366.5,92,114596.0,122,-930.9999999986719
E035,2024,155196.5,12,117481.25,214,-782.7500000004276
E036,2020,61519.5,234,,0,
E036,2021,67250.0,226,61519.5,234,
E036,2022,52096.0,239,64384.75,460,5730.500000002619
E036,2023,58920.5,266,61519.5,699,-4711.74999999804
E036,2024,85009.0,297,60220.0,965,-4164.750000000204
E037,2020,33540.0,304,,0,
E037,2021,36010.5,308,33540.0,304,
E037,2022,39574.0,289,34775.25,612,2470.500000001129
E037,2023,55527.5,336,36010.5,901,3016.9999999996794
E037,2024,54524.0,400,37792.25,1237,9758.499999998547
E038,2020,68301.0,224,,0,
E038,2021,65953.0,241,68301.0,224,
E038,2022,57506.0,262,67127.0,465,-2348.0000000010536
E038,2023,64216.5,318,65953.0,727,-5397.49999999912
E038,2024,82753.0,316,65084.75,1045,-868.2500000003613
E040,2020,114690.0,60,,0,
E040,2021,90994.5,86,114690.0,60,
E040,2022,83922.5,118,102842.25,146,-23695.500000010765
E040,2023,94257.0,121,90994.5,264,-15383.750000000085
E040,2024,145770.0,133,92625.75,385,1631.2499999992958
E041,2020,53363.0,223,,0,
E041,2021,75132.0,214,53363.0,223,
E041,2022,82870.5,122,64247.5,437,21769.000000009906
E041,2023,101559.5,158,75132.0,559,14753.749999999929
E041,2024,143906.0,227,79001.25,717,13213.749999998206
E042,2020,108531.0,41,,0,
E042,2021,115489.0,89,108531.0,41,
E042,2022,105376.0,95,112010.0,130,6958.000000003172
E042,2023,108646.0,103,108531.0,225,-1577.4999999985714
E042,2024,158802.0,109,108588.5,328,-3421.500000000017
E043,2020,72020.0,88,,0,
E043,2021,82660.0,208,72020.0,88,
E043,2022,90203.0,269,77340.0,296,10640.000000004833
E043,2023,101915.0,330,82660.0,565,9091.499999999523
E043,2024,122422.0,392,86431.5,895,9627.499999998801
E044,2020,110181.0,52,,0,
E044,2021,130052.0,169,110181.0,52,
E044,2022,94354.0,224,120116.5,221,19871.000000009044
E044,2023,106942.0,260,110181.0,445,-7913.499999995119
E044,2024,136520.5,290,108561.5,705,-11555.000000000166
E045,2020,96178.0,88,,0,
E045,2021,73785.5,236,96178.0,88,
E045,2022,85438.0,299,84981.75,324,-22392.50000001017
E045,2023,100386.0,357,85438.0,623,-5370.000000002195
E045,2024,136284.0,371,90808.0,980,13300.249999998423
E046,2020,96276.0,43,,0,
E046,2021,103242.0,67,96276.0,43,
E046,2022,92488.0,77,99759.0,110,6966.000000003161
E046,2023,101669.0,90,96276.0,187,-1893.9999999984964
E046,2024,147153.0,110,98972.5,277,-786.5000000005084
E047,2020,43829.0,240,,0,
E047,2021,54256.0,255,43829.0,240,
E047,2022,41238.0,282,49042.5,495,10427.000000004748
E047,2023,50128.0,303,43829.0,777,-1295.4999999981057
E047,2024,69883.0,301,46978.5,1080,-2064.0000000004366
E048,2020,16933.0,534,,0,
E048,2021,15099.0,542,16933.0,534,
E048,2022,14755.0,658,16016.0,1076,-1834.0000000008292
E048,2023,20441.0,756,15099.0,1734,-1089.000000000028
E048,2024,17519.0,649,16016.0,2490,2670.999999999523
E049,2020,47408.0,286,,0,
E049,2021,36676.0,207,47408.0,286,
E049,2022,59876.0,282,42042.0,493,-10732.000000004871
E049,2023,36382.0,211,47408.0,775,6233.999999996917
E049,2024,72687.0,280,42042.0,986,-146.99999999857
E054,2020,109956.0,7,,0,
E054,2021,108941.5,72,109956.0,7,
E054,2022,136361.0,27,109448.75,79,-1014.5000000004283
E054,2023,103791.0,154,109956.0,106,13202.499999996791
E054,2024,135438.5,114,109448.75,260,-2575.249999997885
E055,2020,108504.0,32,,0,
E055,2021,108817.0,102,108504.0,32,
E055,2022,102469.0,98,108660.5,134,313.00000000016166
E055,2023,113887.0,135,108504.0,232,-3017.49999999924
E055,2024,145246.0,142,108660.5,367,2534.9999999991787
E056,2020,15134.0,225,,0,
E056,2021,17959.0,219,15134.0,225,
E056,2022,37256.0,108,16546.5,444,2825.000000001285
E056,2023,41463.0,119,17959.0,552,11060.999999997879
E056,2024,69072.0,187,27607.5,671,11751.999999999158
E057,2020,26960.5,268,,0,
E057,2021,17770.0,275,26960.5,268,
E057,2022,19282.0,281,22365.25,543,-9190.500000004175
E057,2023,28291.0,290,19282.0,824,-3839.2500000005225
E057,2024,34725.0,301,23121.25,1114,5260.499999999188
E058,2020,45561.5,266,,0,
E058,2021,36969.0,208,45561.5,266,
E058,2022,31285.0,239,41265.25,474,-8592.500000003904
E058,2023,35612.5,308,36969.0,713,-7138.249999999665
E058,2024,56118.0,323,36290.75,1021,-678.2500000002303
E059,2020,61919.0,138,,0,
E059,2021,63480.5,286,61919.0,138,
E059,2022,55971.0,311,62699.75,424,1561.5000000007237
E059,2023,70309.0,343,61919.0,735,-2973.9999999990823
E059,2024,104259.0,403,62699.75,1078,3414.2499999989536
E060,2020,38438.0,233,,0,
E060,2021,28263.5,206,38438.0,233,
E060,2022,32898.0,263,33350.75,439,-10174.500000004622
E060,2023,28084.0,265,32898.0,702,-2770.0000000009213
E060,2024,37843.5,304,30580.75,967,-89.7499999997023
E061,2020,52015.0,359,,0,
E061,2021,61632.0,362,52015.0,359,
E061,2022,74905.0,305,56823.5,721,9617.00000000436
E061,2023,92937.0,311,61632.0,1026,11444.999999998829
E061,2024,83233.0,786,68268.5,1337,15652.499999998125
E062,2020,55949.5,292,,0,
E062,2021,63306.0,326,55949.5,292,
E062,2022,54927.0,439,59627.75,618,7356.500000003354
E062,2023,61576.0,471,55949.5,1057,-511.24999999876377
E062,2024,93781.5,110,58762.75,1528,-865.0000000003632
E063,2020,128765.0,65,,0,
E063,2021,98922.0,133,128765.0,65,
E063,2022,111700.0,126,113843.5,198,-29843.000000013537
E063,2023,105303.5,124,111700.0,324,-8532.500000002612
E063,2024,158087.0,155,108501.75,448,3190.7500000002447
E064,2020,66211.0,152,,0,
E064,2021,59852.0,197,66211.0,152,
E064,2022,59720.5,250,63031.5,349,-6359.000000002875
E064,2023,65703.5,234,59852.0,599,-3245.250000000219
E064,2024,109980.5,268,62777.75,833,2925.749999999491
E065,2020,50161.0,237,,0,
E065,2021,51639.0,290,50161.0,237,
E065,2022,51655.0,293,50900.0,527,1478.000000000677
E065,2023,64605.0,349,51639.0,820,747.0000000000548
E065,2024,101635.0,639,51647.0,1169,6482.99999999889
E066,2024,118392.5,48,,0,
E070,2020,123401.0,14,,0,
E070,2021,102879.0,43,123401.0,14,
E070,2022,103613.5,108,113140.0,57,-20522.000000009288
E070,2023,93459.0,124,103613.5,165,-9893.750000000871
E070,2024,131136.0,121,103246.25,289,-4709.999999999148
E071,2020,33017.0,299,,0,
E071,2021,30225.0,327,33017.0,299,
E071,2022,33654.0,314,31621.0,626,-2792.00000000126
E071,2023,40711.0,383,33017.0,940,318.49999999949847
E071,2024,56340.0,416,33335.5,1323,5242.999999999316
E075,2020,74186.5,198,,0,
E075,2021,68466.0,259,74186.5,198,
E075,2022,76484.0,457,71326.25,457,-5720.500000002605
E075,2023,72107.0,424,74186.5,914,1148.7499999988615
E075,2024,96545.0,459,73146.75,1338,1820.5000000001721
E076,2020,107348.5,38,,0,
E076,2021,99960.0,89,107348.5,38,
E076,2022,111407.0,53,103654.25,127,-7388.50000000335
E076,2023,114558.0,169,107348.5,180,2029.2499999984034
E076,2024,161550.0,170,109377.75,349,7298.999999999439
E077,2020,72061.0,136,,0,
E077,2021,66961.0,183,72061.0,136,
E077,2022,58457.0,164,69511.0,319,-5100.000000002327
E077,2023,73527.5,200,66961.0,483,-6801.999999999204
E077,2024,101064.0,197,69511.0,683,3283.2499999989295
E078,2020,58399.0,179,,0,
E078,2021,54155.0,265,58399.0,179,
E078,2022,60551.0,261,56277.0,444,-4244.0000000019245
E078,2023,71374.0,308,58399.0,705,1075.9999999990953
E078,2024,97159.0,328,59475.0,1013,8609.499999998918
E079,2020,39232.0,344,,0,
E079,2021,46853.0,387,39232.0,344,
E079,2022,48138.5,418,43042.5,731,7621.000000003472
E079,2023,61049.0,457,46853.0,1149,4453.250000000142
E079,2024,66747.0,500,47495.75,1606,7097.9999999988595
E081,2020,142892.5,16,,0,
E081,2021,106800.0,89,142892.5,16,
E081,2022,98309.5,96,124846.25,105,-36092.50000001639
E081,2023,109026.0,130,106800.0,201,-22291.500000000382
E081,2024,166362.0,123,107913.0,331,1112.9999999992813
E082,2020,30785.0,192,,0,
E082,2021,40415.0,287,30785.0,192,
E082,2022,39467.5,316,35600.0,479,9630.00000000439
E082,2023,43364.0,325,39467.5,795,4341.250000000473
E082,2024,62917.0,369,39941.25,1120,1474.49999999969
E083,2020,83478.0,135,,0,
E083,2021,75454.0,177,83478.0,135,
E083,2022,71082.5,194,79466.0,312,-8024.000000003624
E083,2023,68866.0,205,75454.0,506,-6197.749999999791
E083,2024,100656.0,218,73268.25,711,-3293.9999999997035
E085,2020,87846.0,3,,0,
E085,2021,72309.0,118,87846.0,3,
E085,2022,69022.0,113,80077.5,121,-15537.000000007047
E085,2023,78714.5,184,72309.0,234,-9412.000000000216
E085,2024,106281.0,177,75511.75,418,3202.74999999926
E086,2020,113419.0,39,,0,
E086,2021,89743.0,127,113419.0,39,
E086,2022,80778.0,193,101581.0,166,-23676.000000010732
E086,2023,85107.0,207,89743.0,359,-16320.499999999876
E086,2024,111480.0,213,87425.0,566,-2318.000000000149
E087,2020,102849.0,89,,0,
E087,2021,71007.0,157,102849.0,89,
E087,2022,75479.0,154,86928.0,246,-31842.00000001447
E087,2023,70842.0,166,75479.0,400,-13685.000000001719
E087,2024,120957.0,200,73243.0,566,-82.49999999971372
E088,2020,71928.0,37,,0,
E088,2021,89896.0,113,71928.0,37,
E088,2022,75642.5,116,80912.0,150,17968.00000000818
E088,2023,69823.0,124,75642.5,266,1857.2500000023208
E088,2024,98637.5,136,73785.25,390,-10036.49999999915
E090,2020,109937.5,26,,0,
E090,2021,85185.0,57,109937.5,26,
E090,2022,76677.0,55,97561.25,83,-24752.500000011245
E090,2023,74598.0,57,85185.0,138,-16630.249999999953
E090,2024,134460.0,76,80931.0,195,-5293.499999999602
E091,2020,54968.0,103,,0,
E091,2021,53653.0,165,54968.0,103,
E091,2022,62042.0,252,54310.5,268,-1315.0000000005866
E091,2023,59633.0,256,54968.0,520,3536.999999998983
E091,2024,88640.5,304,57300.5,776,2989.9999999999945
E092,2020,79341.0,69,,0,
E092,2021,73490.5,184,79341.0,69,
E092,2022,68789.0,195,76415.75,253,-5850.500000002643
E092,2023,71842.0,249,73490.5,448,-5275.999999999677
E092,2024,103710.0,261,72666.25,697,-824.2500000001417
E093,2020,138560.0,5,,0,
E093,2021,125202.0,55,138560.0,5,
E093,2022,103876.0,78,131881.0,60,-13358.000000006055
E093,2023,124930.0,143,125202.0,138,-17341.99999999805
E093,2024,161255.5,158,125066.0,281,-136.00000000126312
E094,2020,126523.5,18,,0,
E094,2021,106029.0,83,126523.5,18,
E094,2022,97502.5,114,116276.25,101,-20494.500000009302
E094,2023,99843.0,154,106029.0,215,-14510.499999999796
E094,2024,142445.5,172,102936.0,369,-3093.0000000000086
E095,2020,83454.0,183,,0,
E095,2021,67073.5,348,83454.0,183,
E095,2022,70081.0,470,75263.75,531,-16380.500000007443
E095,2023,66377.0,429,70081.0,1001,-6686.500000000965
E095,2024,76989.0,471,68577.25,1430,-348.2499999997576
E096,2020,86464.0,90,,0,
E096,2021,69182.0,190,86464.0,90,
E096,2022,67672.0,171,77823.0,280,-17282.000000007847
E096,2023,61827.0,308,69182.0,451,-9396.000000000486
E096,2024,97325.5,314,68427.0,759,-3677.499999999464
E097,2020,38561.0,205,,0,
E097,2021,33520.5,322,38561.0,205,
E097,2022,30683.0,385,36040.75,527,-5040.500000002285
E097,2023,26667.0,393,33520.5,912,-3938.9999999998595
E097,2024,31856.5,398,32101.75,1305,-3426.749999999587
E098,2020,62801.5,106,,0,
E098,2021,55899.0,185,62801.5,106,
E098,2022,61996.0,243,59350.25,291,-6902.500000003117
E098,2023,59682.0,323,61996.0,534,-402.75000000096713
E098,2024,86509.0,405,60839.0,857,1891.5000000000496
E099,2020,28850.0,327,,0,
E099,2021,26172.0,335,28850.0,327,
E099,2022,27645.0,411,27511.0,662,-2678.000000001221
E099,2023,28739.5,406,27645.0,1073,-602.5000000002705
E099,2024,40198.0,346,28192.25,1479,1283.7499999998709
E100,2020,106882.5,32,,0,
E100,2021,88967.5,138,106882.5,32,
E100,2022,84219.0,177,97925.0,170,-17915.00000000813
E100,2023,79974.0,191,88967.5,347,-11331.750000000135
E100,2024,110548.5,190,86593.25,538,-4496.7499999995125
E101,2020,86795.5,72,,0,
E101,2021,75067.0,195,86795.5,72,
E101,2022,70452.5,214,80931.25,267,-11728.50000000532
E101,2023,76200.0,215,75067.0,481,-8171.499999999914
E101,2024,119992.0,231,75633.5,696,566.4999999996284
E102,2020,87647.0,140,,0,
E102,2021,76023.0,285,87647.0,140,
E102,2022,66453.0,305,81835.0,425,-11624.000000005277
E102,2023,66028.0,354,76023.0,730,-10596.999999999322
E102,2024,80155.0,313,71238.0,1084,-4997.499999999723
E103,2020,55282.5,216,,0,
E103,2021,49140.0,335,55282.5,216,
E103,2022,50282.0,402,52211.25,551,-6142.500000002781
E103,2023,44366.0,391,50282.0,953,-2500.250000000366
E103,2024,62571.5,486,49711.0,1344,-2386.999999999512
E104,2020,90891.0,109,,0,
E104,2021,71659.0,213,90891.0,109,
E104,2022,68651.0,226,81275.0,322,-19232.00000000874
E104,2023,70083.0,227,71659.0,548,-11120.000000000377
E104,2024,106820.0,257,70871.0,775,-788.0000000000443
E105,2020,34402.0,331,,0,
E105,2021,32955.0,411,34402.0,331,
E105,2022,34688.0,413,33678.5,742,-1447.0000000006542
E105,2023,33955.0,509,34402.0,1155,142.99999999974264
E105,2024,34850.0,537,34178.5,1664,500.00000000001734
E106,2020,86676.0,108,,0,
E106,2021,79323.5,260,86676.0,108,
E106,2022,78956.5,306,82999.75,368,-7352.500000003326
E106,2023,71768.5,354,79323.5,674,-3859.7500000002415
E106,2024,107567.0,392,79140.0,1028,-3777.4999999993875
E107,2020,28244.5,228,,0,
E107,2021,26596.0,252,28244.5,228,
E107,2022,27496.0,263,27420.25,480,-1648.5000000007485
E107,2023,29136.0,273,27496.0,743,-374.25000000016433
E107,2024,35187.0,285,27870.25,1016,1269.999999999836
E108,2020,51215.0,183,,0,
E108,2021,48691.0,210,51215.0,183,
E108,2022,58420.0,223,49953.0,393,-2524.0000000011382
E108,2023,61433.5,232,51215.0,616,3602.4999999987895
E108,2024,105861.0,409,54817.5,848,6371.2499999994925
E109,2020,139113.5,24,,0,
E109,2021,89869.0,139,139113.5,24,
E109,2022,86127.5,162,114491.25,163,-49244.500000022366
E109,2023,85094.0,185,89869.0,325,-26493.00000000144
E109,2024,125297.5,202,87998.25,510,-2387.4999999998095
E111,2020,75509.0,101,,0,
E111,2021,71242.0,176,75509.0,101,
E111,2022,74518.0,269,73375.5,277,-4267.0000000019145
E111,2023,73326.0,271,74518.0,546,-495.5000000005473
E111,2024,103946.0,255,73922.0,817,1042.000000000017
E112,2020,106384.0,35,,0,
E112,2021,82389.0,123,106384.0,35,
E112,2022,81014.5,150,94386.5,158,-23995.0000000109
E112,2023,79506.0,182,82389.0,308,-12684.750000000753
E112,2024,128130.0,181,81701.75,490,-1441.499999999843
E113,2020,133145.0,32,,0,
E113,2021,97147.5,126,133145.0,32,
E113,2022,88748.0,236,115146.25,158,-35997.500000016335
E113,2023,80197.0,273,97147.5,394,-22198.500000000393
E113,2024,129303.5,240,92947.75,667,-8475.249999999067
E114,2020,61591.0,239,,0,
E114,2021,60662.0,294,61591.0,239,
E114,2022,60411.0,295,61126.5,533,-929.0000000004063
E114,2023,76565.0,303,60662.0,828,-590.0000000000082
E114,2024,83279.0,272,61126.5,1131,7951.499999998627
E115,2020,35333.0,189,,0,
E115,2021,35121.0,193,35333.0,189,
E115,2022,46782.0,342,35227.0,382,-212.00000000009902
E115,2023,65816.0,445,35333.0,724,5724.499999998646
E115,2024,60201.0,359,41057.5,1169,15347.49999999808
E116,2020,148765.0,5,,0,
E116,2021,104809.0,71,148765.0,5,
E116,2022,89651.0,112,126787.0,76,-43956.00000001996
E116,2023,90022.0,12,104809.0,188,-29556.999999999938
E116,2024,139354.0,157,97415.5,200,-7393.499999999646
E118,2020,27842.0,34,,0,
E118,2021,33192.5,380,27842.0,34,
E118,2022,29644.5,444,30517.25,414,5350.500000002438
E118,2023,26776.5,500,29644.5,858,901.2500000006115
E118,2024,37635.0,438,28743.25,1358,-3207.999999999665
E119,2020,140486.0,17,,0,
E119,2021,120768.5,46,140486.0,17,
E119,2022,100787.0,63,130627.25,63,-19717.50000000895
E119,2023,106898.5,64,120768.5,126,-19849.499999998432
E119,2024,156185.0,77,113833.5,190,-6935.00000000003
E120,2020,132190.0,3,,0,
E120,2021,119264.0,62,132190.0,3,
E120,2022,90421.5,66,125727.0,65,-12926.000000005844
E120,2023,100280.0,101,119264.0,131,-20884.24999999715
E120,2024,142966.0,100,109772.0,232,-9492.000000000107
E121,2020,135835.0,23,,0,
E121,2021,98546.0,146,135835.0,23,
E121,2022,73989.0,143,117190.5,169,-37289.00000001692
E121,2023,82810.0,146,98546.0,312,-30922.999999998578
E121,2024,123081.0,143,90678.0,458,-7868.000000000138
E123,2020,62768.0,56,,0,
E123,2021,73013.0,173,62768.0,56,
E123,2022,66558.0,191,67890.5,229,10245.00000000468
E123,2023,78875.0,223,66558.0,420,1895.0000000011237
E123,2024,92427.0,211,69785.5,643,2930.9999999991146
E124,2020,109830.0,74,,0,
E124,2021,84778.5,124,109830.0,74,
E124,2022,90016.0,131,97304.25,198,-25051.500000011376
E124,2023,97357.5,138,90016.0,329,-9907.000000001552
E124,2024,131967.0,143,93686.75,467,6289.499999999247
E126,2020,29624.5,344,,0,
E126,2021,25747.0,353,29624.5,344,
E126,2022,23958.0,347,27685.75,697,-3877.5000000017603
E126,2023,30361.0,439,25747.0,1044,-2833.249999999941
E126,2024,31057.5,408,27685.75,1483,2306.9999999994952
E127,2020,141797.0,9,,0,
E127,2021,99268.0,91,141797.0,9,
E127,2022,82576.0,97,120532.5,100,-42529.000000019296
E127,2023,87513.0,145,99268.0,197,-29610.499999999683
E127,2024,139529.0,137,93390.5,342,-5877.500000000003
E128,2020,91106.5,156,,0,
E128,2021,87263.0,173,91106.5,156,
E128,2022,72207.0,231,89184.75,329,-3843.500000001736
E128,2023,71777.0,494,87263.0,560,-9449.749999998403
E128,2024,118525.0,310,79735.0,1054,-7742.999999999583
E129,2020,40827.5,124,,0,
E129,2021,67963.0,333,40827.5,124,
E129,2022,51670.0,269,54395.25,457,27135.50000001234
E129,2023,78768.0,25,51670.0,726,5421.2500000028995
E129,2024,63348.5,278,59816.5,751,5402.499999998086
E130,2020,137101.0,49,,0,
E130,2021,98275.0,5,137101.0,49,
E130,2022,86290.0,117,117688.0,54,-38826.000000017615
E130,2023,93339.0,177,98275.0,171,-25405.50000000007
E130,2024,133888.0,257,95807.0,348,-2468.000000000304
E132,2020,149621.0,17,,0,
E132,2021,107997.0,62,149621.0,17,
E132,2022,90698.0,79,128809.0,79,-41624.00000001887
E132,2023,101841.5,106,107997.0,158,-29461.49999999957
E132,2024,155915.0,141,104919.25,264,-3077.750000000516
E133,2020,65358.5,210,,0,
E133,2021,46333.0,223,65358.5,210,
E133,2022,42880.5,264,55845.75,433,-19025.500000008633
E133,2023,41287.0,284,46333.0,697,-11239.000000000324
E133,2024,51354.0,283,44606.75,981,-2522.9999999997763
E134,2020,94889.0,1,,0,
E134,2021,78120.0,120,94889.0,1,
E134,2022,72374.0,130,86504.5,121,-16769.0000000076
E134,2023,97882.0,142,78120.0,251,-11257.49999999997
E134,2024,136102.0,178,86504.5,393,9880.999999997946
E135,2020,93706.0,67,,0,
E135,2021,70717.0,93,93706.0,67,
E135,2022,75250.5,152,82211.5,160,-22989.00000001044
E135,2023,69601.5,150,75250.5,312,-9227.750000001395
E135,2024,111887.5,178,72983.75,462,-557.7499999996321
E136,2020,134490.0,15,,0,
E136,2021,103730.0,72,134490.0,15,
E136,2022,105289.0,104,119110.0,87,-30760.000000013948
E136,2023,108459.0,141,105289.0,191,-14600.500000001357
E136,2024,143598.5,176,106874.0,332,2364.499999999681
E139,2020,128829.0,15,,0,
E139,2021,100048.0,108,128829.0,15,
E139,2022,94830.0,113,114438.5,123,-28781.000000013075
E139,2023,100602.5,166,100048.0,236,-16999.500000000484
E139,2024,129332.0,165,100325.25,402,277.2499999996312
E141,2020,20991.0,177,,0,
E141,2021,15345.0,156,20991.0,177,
E141,2022,16814.0,159,18168.0,333,-5646.000000002562
E141,2023,15568.0,213,16814.0,492,-2088.5000000003834
E141,2024,61793.0,389,16191.0,705,111.5000000000685
E142,2020,68731.0,86,,0,
E142,2021,74557.0,168,68731.0,86,
E142,2022,70152.0,178,71644.0,254,5826.000000002668
E142,2023,69035.0,187,70152.0,432,710.5000000007225
E142,2024,127508.0,25,69593.5,619,-2760.999999999793
E144,2020,89835.0,90,,0,
E144,2021,92875.5,190,89835.0,90,
E144,2022,90173.0,239,91355.25,280,3040.5000000013897
E144,2023,104736.0,309,90173.0,519,169.00000000043437
E144,2024,129616.0,290,91524.25,828,5930.24999999882
E145,2020,73091.0,113,,0,
E145,2021,72139.5,208,73091.0,113,
E145,2022,74745.5,292,72615.25,321,-951.5000000004273
E145,2023,69249.0,318,73091.0,613,827.2499999996522
E145,2024,84270.0,370,72615.25,931,-1445.2499999995907
E146,2020,148701.5,10,,0,
E146,2021,120694.0,137,148701.5,10,
E146,2022,101805.0,142,134697.75,147,-28007.50000001269
E146,2023,107496.5,176,120694.0,289,-23448.24999999889
E146,2024,140153.0,358,114095.25,465,-6598.750000000013
E147,2020,116076.5,42,,0,
E147,2021,83343.0,99,116076.5,42,
E147,2022,76235.0,141,99709.75,141,-32733.50000001487
E147,2023,83696.0,189,83343.0,282,-19920.750000000426
E147,2024,123661.0,32,83519.5,471,176.49999999954076
E149,2020,57743.0,181,,0,
E149,2021,58281.0,243,57743.0,181,
E149,2022,54339.0,261,58012.0,424,538.0000000002462
E149,2023,55961.5,324,57743.0,685,-1701.9999999995296
E149,2024,61720.0,407,56852.25,1009,-1159.750000000032
E150,2020,62929.0,161,,0,
E150,2021,61527.5,224,62929.0,161,
E150,2022,68874.0,281,62228.25,385,-1401.5000000006235
E150,2023,77928.0,319,62929.0,666,2972.4999999990955
E150,2024,103412.0,297,65901.5,985,8200.249999999052
E151,2020,59400.0,129,,0,
E151,2021,58643.0,241,59400.0,129,
E151,2022,54442.0,288,59021.5,370,-757.0000000003342
E151,2023,51581.0,321,58643.0,658,-2478.999999999548
E151,2024,96989.5,488,56542.5,979,-3530.9999999996458
E152,2020,81446.0,75,,0,
E152,2021,76668.5,180,81446.0,75,
E152,2022,66545.0,178,79057.25,255,-4777.500000002165
E152,2023,74731.5,200,76668.5,433,-7450.499999999012
E152,2024,103845.5,24,75700.0,633,-968.5000000004482
E153,2020,135154.0,33,,0,
E153,2021,92107.0,161,135154.0,33,
E153,2022,83467.0,174,113630.5,194,-43047.00000001954
E153,2023,92557.0,235,92107.0,368,-25843.500000000633
E153,2024,121011.0,240,92332.0,603,224.9999999994446
E154,2020,70561.0,151,,0,
E154,2021,86353.0,188,70561.0,151,
E154,2022,87628.0,139,78457.0,339,15792.000000007183
E154,2023,97210.0,147,86353.0,478,8533.500000000438
E154,2024,146137.0,173,86990.5,625,5428.499999999145
E155,2020,61801.0,193,,0,
E155,2021,59151.0,198,61801.0,193,
E155,2022,54658.0,157,60476.0,391,-2650.000000001201
E155,2023,65049.5,166,59151.0,548,-3571.4999999995835
E155,2024,75648.0,261,60476.0,714,2949.249999999225
E156,2020,78620.0,141,,0,
E156,2021,82031.0,176,78620.0,141,
E156,2022,72659.0,130,80325.5,317,3411.0000000015534
E156,2023,80970.5,130,78620.0,447,-2980.49999999879
E156,2024,127000.0,168,79795.25,577,-530.250000000477
E157,2020,88390.0,116,,0,
E157,2021,79218.0,158,88390.0,116,
E157,2022,81580.0,125,83804.0,274,-9172.000000004151
E157,2023,84911.0,126,81580.0,399,-3405.0000000006285
E157,2024,132432.0,164,83245.5,525,2846.4999999996658
E158,2020,69465.0,144,,0,
E158,2021,54675.0,169,69465.0,144,
E158,2022,54800.5,300,62070.0,313,-14790.000000006716
E158,2023,68769.0,391,54800.5,613,-7332.250000000571
E158,2024,95336.0,464,61784.75,1004,7046.999999998806
E159,2020,150335.0,5,,0,
E159,2021,115841.0,59,150335.0,5,
E159,2022,110466.0,101,133088.0,64,-34494.000000015665
E159,2023,118583.0,141,115841.0,165,-19934.50000000069
E159,2024,157891.0,153,117212.0,306,1370.9999999994327
E160,2020,44926.0,192,,0,
E160,2021,35399.0,297,44926.0,192,
E160,2022,39281.0,295,40162.5,489,-9527.00000000432
E160,2023,36091.0,271,39281.0,784,-2822.5000000008054
E160,2024,60499.0,289,37686.0,1055,346.00000000017684
E161,2020,104748.0,101,,0,
E161,2021,91527.0,164,104748.0,101,
E161,2022,81982.5,124,98137.5,265,-13221.000000005986
E161,2023,92360.0,131,91527.0,389,-11382.749999999407
E161,2024,144355.0,167,91943.5,520,416.49999999935017
E162,2020,89446.0,140,,0,
E162,2021,89197.0,202,89446.0,140,
E162,2022,94060.5,148,89321.5,342,-249.0000000001073
E162,2023,98819.0,157,89446.0,490,2307.2499999994266
E162,2024,140218.0,202,91753.25,647,4810.999999999484
E163,2020,93877.0,125,,0,
E163,2021,78797.0,174,93877.0,125,
E163,2022,77390.0,126,86337.0,299,-15080.00000000683
E163,2023,81136.0,129,78797.0,425,-8243.50000000042
E163,2024,133819.5,162,79966.5,554,1169.4999999997126
E164,2020,112218.5,84,,0,
E164,2021,103733.0,178,112218.5,84,
E164,2022,98018.5,122,107975.75,262,-8485.500000003836
E164,2023,110035.5,144,103733.0,384,-7099.999999999655
E164,2024,158221.0,154,106884.25,528,3151.2499999991264
E165,2020,115118.0,22,,0,
E165,2021,98016.0,129,115118.0,22,
E165,2022,95448.5,166,106567.0,151,-17102.00000000777
E165,2023,106895.0,191,98016.0,317,-9834.750000000342
E165,2024,137162.5,196,102455.5,508,4439.4999999990705
E166,2020,46983.0,182,,0,
E166,2021,44243.0,175,46983.0,182,
E166,2022,44390.0,182,45613.0,357,-2740.000000001242
E166,2023,54831.0,204,44390.0,539,-1296.5000000001191
E166,2024,75077.5,214,45686.5,743,5293.999999999107
E167,2020,81265.0,93,,0,
E167,2021,70515.0,113,81265.0,93,
E167,2022,63287.0,135,75890.0,206,-10750.000000004871
E167,2023,58170.0,125,70515.0,341,-8988.999999999565
E167,2024,98284.0,155,66901.0,466,-6172.499999999384
E168,2020,117291.5,16,,0,
E168,2021,94275.0,53,117291.5,16,
E168,2022,82933.5,64,105783.25,69,-23016.500000010452
E168,2023,92676.0,129,94275.0,133,-17178.999999999574
E168,2024,129610.5,134,93475.5,262,-799.5000000005359
E169,2020,92924.0,103,,0,
E169,2021,79276.5,236,92924.0,103,
E169,2022,69652.0,305,86100.25,339,-13647.500000006172
E169,2023,79832.0,291,79276.5,644,-11635.999999999409
E169,2024,115836.0,309,79554.25,935,277.7499999993639
E171,2020,107707.5,56,,0,
E171,2021,80280.0,117,107707.5,56,
E171,2022,82037.5,184,93993.75,173,-27427.500000012446
E171,2023,84522.0,219,82037.5,357,-12835.000000001222
E171,2024,114210.0,202,83279.75,576,2120.999999999743
E172,2020,126077.0,32,,0,
E172,2021,89376.0,124,126077.0,32,
E172,2022,79646.0,138,107726.5,156,-36701.00000001665
E172,2023,81912.5,160,89376.0,294,-23215.50000000027
E172,2024,134511.0,251,85644.25,454,-3731.7499999999523
E173,2020,53299.0,70,,0,
E173,2021,82162.0,257,53299.0,70,
E173,2022,64343.0,245,67730.5,327,28863.000000013115
E173,2023,68690.0,273,64343.0,572,5522.000000003147
E173,2024,106696.5,268,66516.5,845,-6735.9999999999245
E174,2020,150773.5,10,,0,
E174,2021,128248.0,6,150773.5,10,
E174,2022,93134.0,111,139510.75,16,-22525.50000001023
E174,2023,110930.0,115,128248.0,127,-28819.74999999679
E174,2024,156615.5,116,119589.0,242,-8659.000000000638
E175,2020,107230.0,44,,0,
E175,2021,92486.0,147,107230.0,44,
E175,2022,80108.0,195,99858.0,191,-14744.000000006668
E175,2023,98293.5,222,92486.0,386,-13560.999999999136
E175,2024,131872.0,243,95389.75,608,2903.749999998758
E176,2020,124993.0,32,,0,
E176,2021,111899.0,71,124993.0,32,
E176,2022,100501.0,95,118446.0,103,-13094.000000005923
E176,2023,129042.0,127,111899.0,198,-12245.99999999919
E176,2024,163844.0,151,118446.0,325,8571.499999997843
E177,2020,107126.0,61,,0,
E177,2021,86065.0,142,107126.0,61,
E177,2022,87040.0,171,96595.5,203,-21061.000000009564
E177,2023,95337.5,214,87040.0,374,-10043.000000000913
E177,2024,142476.0,230,91188.75,588,4636.24999999927
E178,2020,40695.0,139,,0,
E178,2021,43158.0,158,40695.0,139,
E178,2022,13212.5,180,41926.5,297,2463.0000000011214
E178,2023,13804.5,206,40695.0,477,-13741.24999999645
E178,2024,18074.5,210,27249.75,683,-14676.749999999303
E180,2020,136635.5,8,,0,
E180,2021,122120.5,38,136635.5,8,
E180,2022,113315.0,69,129378.0,46,-14515.000000006543
E180,2023,103698.0,73,122120.5,115,-11660.249999999533
E180,2024,152434.0,90,117717.75,188,-9211.249999998949
E181,2020,139458.5,6,,0,
E181,2023,114600.0,81,139458.5,6,
E181,2024,180836.5,106,127029.25,87,-8286.166666666491
E184,2020,148810.0,4,,0,
E184,2021,126463.0,90,148810.0,4,
E184,2022,117116.0,118,137636.5,94,-22347.000000010165
E184,2023,125503.0,143,126463.0,212,-15846.999999999773
E184,2024,164892.5,150,125983.0,355,-480.0000000004774
E185,2020,105472.0,48,,0,
E185,2021,88533.5,138,105472.0,48,
E185,2022,81822.0,169,97002.75,186,-16938.50000000766
E185,2023,80562.0,156,88533.5,355,-11824.99999999986
E185,2024,129202.0,174,85177.75,511,-3985.749999999727
E186,2020,88914.0,105,,0,
E186,2021,79519.0,178,88914.0,105,
E186,2022,93653.0,243,84216.5,283,-9395.00000000426
E186,2023,90336.5,292,88914.0,526,2369.4999999980146
E186,2024,107959.0,276,89625.25,818,5408.749999999931
E188,2020,120971.0,13,,0,
E188,2021,101143.0,80,120971.0,13,
E188,2022,92821.0,109,111057.0,93,-19828.000000008968
E188,2023,94712.0,135,101143.0,202,-14074.999999999785
E188,2024,141429.0,168,97927.5,337,-3215.4999999999495
E189,2020,79096.0,35,,0,
E189,2021,95061.0,106,79096.0,35,
E189,2022,80257.0,120,87078.5,141,15965.00000000727
E189,2023,83893.0,162,80257.0,261,580.5000000023244
E189,2024,123684.0,163,82075.0,423,-5583.999999999938
E191,2020,142889.0,25,,0,
E191,2021,121144.0,103,142889.0,25,
E191,2022,102021.5,154,132016.5,128,-21745.00000000983
E191,2023,106651.0,147,121144.0,282,-20433.749999998607
E191,2024,146954.0,195,113897.5,429,-7246.499999999916
E193,2020,143101.0,13,,0,
E193,2021,125999.5,66,143101.0,13,
E193,2022,99273.0,94,134550.25,79,-17101.500000007745
E193,2023,130346.0,110,125999.5,173,-21913.999999997584
E193,2024,172942.0,132,128172.75,283,2173.249999998007
E194,2020,119084.5,62,,0,
E194,2021,94260.0,135,119084.5,62,
E194,2022,88705.0,108,106672.25,197,-24824.50000001127
E194,2023,94129.5,106,94260.0,305,-15189.750000000295
E194,2024,151678.0,143,94194.75,411,-65.25000000032131
E196,2020,75671.5,82,,0,
E196,2021,58996.0,123,75671.5,82,
E196,2022,58066.0,139,67333.75,205,-16675.500000007545
E196,2023,67821.0,191,58996.0,344,-8802.750000000524
E196,2024,106908.0,217,63408.5,535,4412.499999999187
E197,2020,145565.5,2,,0,
E197,2021,157851.0,30,145565.5,2,
E197,2022,119994.0,47,151708.25,32,12285.50000000563
E197,2023,138625.0,80,145565.5,79,-12785.749999995187
E197,2024,170662.0,86,142095.25,159,-9613.000000000635
E198,2020,124975.0,33,,0,
E198,2021,104127.0,119,124975.0,33,
E198,2022,96160.5,146,114551.0,152,-20848.00000000945
E198,2023,109210.0,153,104127.0,298,-14407.24999999989
E198,2024,121894.0,171,106668.5,451,2541.49999999908
E199,2020,115270.0,31,,0,
E199,2021,95171.5,84,115270.0,31,
E199,2022,90519.5,88,105220.75,115,-20098.500000009153
E199,2023,97898.5,152,95171.5,203,-12375.250000000218
E199,2024,128317.0,175,96535.0,355,1363.4999999994836
E201,2020,87891.0,40,,0,
E201,2021,102834.0,131,87891.0,40,
E201,2022,90535.0,96,95362.5,171,14943.000000006808
E201,2023,99436.0,167,90535.0,267,1322.0000000019927
E201,2024,116659.5,176,94985.5,434,-1699.000000000451
E202,2020,122883.5,8,,0,
E202,2021,165376.0,2,122883.5,8,
E202,2022,111216.5,54,144129.75,10,42492.500000019296
E202,2023,121843.0,128,122883.5,64,-5833.499999992145
E202,2024,169997.0,143,122363.25,192,-21766.49999999955
E203,2020,78588.5,36,,0,
E203,2021,87042.0,104,78588.5,36,
E203,2022,89032.5,146,82815.25,140,8453.500000003854
E203,2023,86004.0,167,87042.0,286,5222.000000000082
E203,2024,119420.0,175,86523.0,453,-518.9999999997812
E204,2020,123894.0,17,,0,
E204,2021,89928.0,105,123894.0,17,
E204,2022,88791.0,120,106911.0,122,-33966.00000001543
E204,2023,94153.5,178,89928.0,242,-17551.50000000116
E204,2024,134088.5,176,92040.75,420,2112.749999999576
E205,2020,87714.0,85,,0,
E205,2021,74790.0,227,87714.0,85,
E205,2022,70227.0,264,81252.0,312,-12924.000000005868
E205,2023,80143.0,273,74790.0,576,-8743.499999999964
E205,2024,116225.0,322,77466.5,849,2676.4999999992606
E206,2020,57301.0,46,,0,
E206,2021,75613.0,162,57301.0,46,
E206,2022,73860.0,155,66457.0,208,18312.00000000833
E206,2023,82385.5,152,73860.0,363,8279.500000000891
E206,2024,126765.0,145,74736.5,515,3386.2499999993142
E207,2020,121664.0,22,,0,
E207,2021,122360.5,96,121664.0,22,
E207,2022,116073.5,132,122012.25,118,696.5000000003004
E207,2023,110132.0,129,121664.0,250,-2795.2499999992483
E207,2024,162949.5,138,118868.75,379,-6114.24999999934
E209,2020,66155.0,3,,0,
E209,2021,64325.5,152,66155.0,3,
E209,2022,85792.0,266,65240.25,155,-1829.500000000813
E209,2023,64690.0,179,66155.0,421,9818.49999999745
E209,2024,105668.0,178,65422.5,600,182.25000000127562
E210,2020,131215.0,26,,0,
E210,2021,114302.0,91,131215.0,26,
E210,2022,96128.5,56,122758.5,117,-16913.00000000769
E210,2023,115306.0,127,114302.0,173,-17543.249999998545
E210,2024,164841.0,164,114804.0,300,501.99999999880754
E211,2020,74252.0,78,,0,
E211,2021,80648.0,124,74252.0,78,
E211,2022,68643.5,122,77450.0,202,6396.000000002927
E211,2023,94050.0,191,74252.0,324,-2804.2499999983715
E211,2024,144439.0,260,77450.0,515,6700.999999998133
E212,2020,35007.5,226,,0,
E212,2021,36320.0,305,35007.5,226,
E212,2022,37485.0,429,35663.75,531,1312.5000000005975
E212,2023,30804.0,491,36320.0,960,1238.7499999999143
E212,2024,42344.5,540,35663.75,1451,-2757.999999999451
E213,2020,135528.0,8,,0,
E213,2021,105979.0,56,135528.0,8,
E213,2022,110948.0,66,120753.5,64,-29549.000000013417
E213,2023,128060.5,96,110948.0,130,-12290.000000001693
E213,2024,166528.5,134,119504.25,226,11040.749999998425
E216,2020,130305.0,12,,0,
E216,2021,120390.5,42,130305.0,12,
E216,2022,114326.5,82,125347.75,54,-9914.500000004482
E216,2023,110631.0,88,120390.5,136,-7989.24999999968
E216,2024,141066.0,107,117358.5,224,-4879.749999999547
E220,2020,88904.0,82,,0,
E220,2021,72617.0,112,88904.0,82,
E220,2022,77349.5,206,80760.5,194,-16287.000000007398
E220,2023,74625.5,224,77349.5,400,-5777.250000001165
E220,2024,92510.0,405,75987.5,624,1004.2500000001166
E221,2020,145205.5,12,,0,
E221,2021,98754.5,60,145205.5,12,
E221,2022,92235.0,73,121980.0,72,-46451.000000021064
E221,2023,104556.0,123,98754.5,145,-26485.250000000997
E221,2024,129870.0,130,101655.25,268,2900.749999999101
E222,2020,89860.0,26,,0,
E222,2021,89510.0,79,89860.0,26,
E222,2022,75512.0,122,89685.0,105,-350.0000000001318
E222,2023,74112.0,139,89510.0,227,-7173.999999998405
E222,2024,96824.0,129,82511.0,366,-7698.9999999995225
E227,2020,149575.0,9,,0,
E227,2021,126594.0,87,149575.0,9,
E227,2022,97222.0,83,138084.5,96,-22981.000000010412
E227,2023,97232.0,81,126594.0,179,-26176.49999999748
E227,2024,159552.0,109,111913.0,260,-14680.99999999925
E232,2020,50259.0,435,,0,
E232,2021,47350.0,629,50259.0,435,
E232,2022,39050.0,622,48804.5,1064,-2909.0000000013197
E232,2023,49895.0,707,47350.0,1686,-5604.499999999152
E232,2024,51964.0,751,48622.5,2393,1272.4999999992826
E235,2020,39955.0,288,,0,
E235,2021,40542.0,335,39955.0,288,
E235,2022,38532.0,295,40248.5,623,587.000000000274
E235,2023,52880.0,328,39955.0,918,-711.4999999997486
E235,2024,46650.0,377,40248.5,1246,6168.999999998824
E237,2020,97542.0,321,,0,
E237,2021,69933.0,723,97542.0,321,
E237,2022,72208.0,795,83737.5,1044,-27609.000000012526
E237,2023,75248.0,918,72208.0,1839,-12667.000000001315
E237,2024,88387.5,982,73728.0,2757,2657.499999999685
E238,2020,127458.0,15,,0,
E238,2021,92573.5,66,127458.0,15,
E238,2022,88107.0,68,110015.75,81,-34884.500000015825
E238,2023,102245.0,122,92573.5,149,-19675.500000000804
E238,2024,161689.5,152,97409.25,271,4835.749999998902
E239,2020,82226.5,46,,0,
E239,2021,91440.0,131,82226.5,46,
E239,2022,56949.0,350,86833.25,177,9213.500000004206
E239,2023,58202.0,509,82226.5,527,-12638.749999995674
E239,2024,119333.5,148,70214.25,1036,-16618.999999999254
E240,2020,46122.0,287,,0,
E240,2021,41048.0,354,46122.0,287,
E240,2022,51076.5,132,43585.0,641,-5074.000000002298
E240,2023,43800.0,56,46122.0,773,2477.2499999986508
E240,2024,52495.0,523,44961.0,829,1376.0000000003756
E241,2020,34002.0,347,,0,
E241,2021,28467.0,391,34002.0,347,
E241,2022,33349.0,400,31234.5,738,-5535.0000000025075
E241,2023,38464.0,481,33349.0,1138,-326.5000000007724
E241,2024,45925.0,448,33675.5,1619,4998.499999999442
E252,2020,90544.0,43,,0,
E252,2021,84575.0,106,90544.0,43,
E252,2022,75447.0,151,87559.5,149,-5969.000000002709
E252,2023,91105.0,154,84575.0,300,-7548.499999999176
E252,2024,132276.0,131,87559.5,454,3264.99999999889
E254,2020,88833.0,38,,0,
E254,2021,79717.0,101,88833.0,38,
E254,2022,59480.0,90,84275.0,139,-9116.00000000412
E254,2023,72866.0,218,79717.0,229,-14676.499999998017
E254,2024,113193.0,245,76291.5,447,-3425.5000000006435
E255,2020,124951.0,91,,0,
E255,2021,83875.0,273,124951.0,91,
E255,2022,81970.0,298,104413.0,364,-41076.00000001865
E255,2023,78369.0,279,83875.0,662,-21490.500000001342
E255,2024,111439.0,293,82922.5,941,-2752.999999999644
E256,2024,166122.0,39,,0,
E257,2020,83088.0,109,,0,
E257,2021,74537.0,222,83088.0,109,
E257,2022,62861.5,238,78812.5,331,-8551.000000003878
E257,2023,57690.0,229,74537.0,569,-10113.24999999897
E257,2024,87686.0,309,68699.25,798,-8423.49999999927
E258,2020,74746.0,93,,0,
E258,2021,68471.0,125,74746.0,93,
E258,2022,64158.5,130,71608.5,218,-6275.000000002841
E258,2023,69726.0,205,68471.0,348,-5293.749999999748
E258,2024,88167.0,211,69098.5,553,627.4999999996373
E263,2022,167340.0,6,,0,
E263,2024,202875.5,16,167340.0,6,
E264,2020,130334.0,2,,0,
E264,2023,102219.0,32,130334.0,2,
E264,2024,157422.0,11,116276.5,34,-9371.66666666647
E265,2020,86247.0,77,,0,
E265,2021,57419.5,112,86247.0,77,
E265,2022,54625.0,95,71833.25,189,-28827.500000013082
E265,2023,65420.0,265,57419.5,284,-15811.000000000766
E265,2024,97109.0,165,61419.75,549,4000.2499999991487
E269,2020,104440.0,49,,0,
E269,2021,66438.0,85,104440.0,49,
E269,2022,58834.0,92,85439.0,134,-38002.00000001727
E269,2023,116634.5,14,66438.0,226,-22803.000000000564
E269,2024,89895.0,151,85439.0,240,25098.249999995256
E272,2020,132653.0,83,,0,
E272,2021,106131.0,213,132653.0,83,
E272,2022,111041.5,160,119392.0,296,-26522.00000001202
E272,2023,109195.0,200,111041.5,456,-10805.750000001552
E272,2024,150327.0,222,110118.25,656,1532.0000000000434
E273,2020,133995.0,38,,0,
E273,2021,111403.0,167,133995.0,38,
E273,2022,116892.0,134,122699.0,205,-22592.00000001024
E273,2023,120190.0,169,116892.0,339,-8551.500000001486
E273,2024,171032.0,196,118541.0,508,4393.499999999585
E274,2020,102928.5,116,,0,
E274,2021,98075.0,205,102928.5,116,
E274,2022,86737.0,147,100501.75,321,-4853.500000002189
E274,2023,101783.0,165,98075.0,468,-8095.749999998887
E274,2024,126124.0,195,99929.0,633,1853.9999999989966
E275,2020,24389.0,142,,0,
E275,2021,21872.0,148,24389.0,142,
E275,2022,22916.5,156,23130.5,290,-2517.0000000011337
E275,2023,18713.5,154,22916.5,446,-736.2500000002173
E275,2024,24812.5,162,22394.25,600,-1579.2499999996676
E278,2020,89738.0,12,,0,
E278,2021,122815.0,24,89738.0,12,
E278,2022,129832.0,14,106276.5,36,33077.00000001504
E278,2023,118734.0,101,122815.0,50,20047.00000000045
E278,2024,160552.0,253,120774.5,151,-2040.4999999992267
E279,2020,43313.5,78,,0,
E279,2021,43918.0,86,43313.5,78,
E279,2022,69116.0,126,43615.75,164,604.5000000002832
E279,2023,91107.0,189,43918.0,290,12901.249999997108
E279,2024,117665.0,335,56517.0,479,23594.499999997493
E281,2021,88207.5,68,,0,
E281,2022,90846.0,107,88207.5,68,
E281,2023,88450.0,123,89526.75,175,2638.5000000006157
E281,2024,118628.5,146,88450.0,298,121.2500000001393
E283,2021,111391.0,113,,0,
E283,2022,78448.0,143,111391.0,113,
E283,2023,88501.0,165,94919.5,256,-32943.00000000786
E283,2024,107771.0,179,88501.0,421,-11445.00000000004
E284,2021,9646.0,39,,0,
E284,2022,5117.0,39,9646.0,39,
E284,2023,4997.5,42,7381.5,78,-4529.00000000108
E284,2024,8381.0,42,5117.0,120,-2324.2499999998763
E285,2022,19667.5,54,,0,
E285,2023,21144.0,93,19667.5,54,
E285,2024,23713.0,93,20405.75,147,1476.4999999996146
E286,2022,72869.0,179,,0,
E286,2023,55029.0,199,72869.0,179,
E286,2024,58065.5,198,63949.0,378,-17839.999999995318
E287,2022,90465.0,26,,0,
E287,2023,97937.0,15,90465.0,26,
E287,2024,121960.0,39,94201.0,41,7471.9999999980455
E288,2022,105200.5,114,,0,
E288,2023,103530.0,235,105200.5,114,
E288,2024,132137.5,210,104365.25,349,-1670.4999999995318
E289,2022,87403.5,124,,0,
E289,2023,91864.5,132,87403.5,124,
E289,2024,109042.0,228,89634.0,256,4460.999999998832
E290,2022,33161.0,39,,0,
E290,2023,43304.5,68,33161.0,39,
E290,2024,97672.0,222,38232.75,107,10143.499999997342
E291,2022,95868.0,86,,0,
E291,2023,87863.0,111,95868.0,86,
E291,2024,133158.0,189,91865.5,197,-8004.9999999978845
E292,2022,92968.0,124,,0,
E292,2023,82757.0,137,92968.0,124,
E292,2024,115381.0,243,87862.5,261,-10210.999999997295
E297,2023,106784.5,198,,0,
E297,2024,138058.0,275,106784.5,198,
E299,2023,104615.0,67,,0,
E299,2024,147408.5,70,104615.0,67,
E300,2023,104749.5,210,,0,
E300,2024,104046.0,238,104749.5,210,
E301,2023,134619.5,92,,0,
E301,2024,151556.0,176,134619.5,92,
E302,2023,98639.0,7,,0,
E302,2024,114619.0,295,98639.0,7,
E303,2023,145037.0,111,,0,
E303,2024,143015.0,540,145037.0,111,
E304,2024,137960.0,125,,0,
E305,2024,139658.0,149,,0,
E306,2024,132013.0,156,,0,
E307,2024,134329.0,138,,0,
E308,2024,131238.0,127,,0,
E309,2024,154562.0,126,,0,
